"Date","Source","Site ID","POC","Daily Max 1-hour SO2 Concentration","UNITS","DAILY_AQI_VALUE","Site Name","DAILY_OBS_COUNT","PERCENT_COMPLETE","AQS_PARAMETER_CODE","AQS_PARAMETER_DESC","CBSA_CODE","CBSA_NAME","STATE_CODE","STATE","COUNTY_CODE","COUNTY","SITE_LATITUDE","SITE_LONGITUDE"
"03/26/2020","AQS","410510063","1","-0.2","ppb","0","","24","100.0000","42401","Sulfur dioxide","38900","Portland-Vancouver-Hillsboro, OR-WA","41","Oregon","051","Multnomah","45.50077","-122.5717"
"03/27/2020","AQS","410510063","1","-0.3","ppb","0","","24","100.0000","42401","Sulfur dioxide","38900","Portland-Vancouver-Hillsboro, OR-WA","41","Oregon","051","Multnomah","45.50077","-122.5717"
"03/28/2020","AQS","410510063","1","-0.3","ppb","0","","24","100.0000","42401","Sulfur dioxide","38900","Portland-Vancouver-Hillsboro, OR-WA","41","Oregon","051","Multnomah","45.50077","-122.5717"
"03/29/2020","AQS","410510063","1","0.2","ppb","0","","24","100.0000","42401","Sulfur dioxide","38900","Portland-Vancouver-Hillsboro, OR-WA","41","Oregon","051","Multnomah","45.50077","-122.5717"
"03/30/2020","AQS","410510063","1","0","ppb","0","","24","100.0000","42401","Sulfur dioxide","38900","Portland-Vancouver-Hillsboro, OR-WA","41","Oregon","051","Multnomah","45.50077","-122.5717"
"03/31/2020","AQS","410510063","1","0.5","ppb","0","","24","100.0000","42401","Sulfur dioxide","38900","Portland-Vancouver-Hillsboro, OR-WA","41","Oregon","051","Multnomah","45.50077","-122.5717"
"04/01/2020","AQS","410510063","1","0.2","ppb","0","","24","100.0000","42401","Sulfur dioxide","38900","Portland-Vancouver-Hillsboro, OR-WA","41","Oregon","051","Multnomah","45.50077","-122.5717"
"04/02/2020","AQS","410510063","1","0","ppb","0","","24","100.0000","42401","Sulfur dioxide","38900","Portland-Vancouver-Hillsboro, OR-WA","41","Oregon","051","Multnomah","45.50077","-122.5717"
"04/03/2020","AQS","410510063","1","0.2","ppb","0","","24","100.0000","42401","Sulfur dioxide","38900","Portland-Vancouver-Hillsboro, OR-WA","41","Oregon","051","Multnomah","45.50077","-122.5717"
"04/04/2020","AQS","410510063","1","1","ppb","1","","24","100.0000","42401","Sulfur dioxide","38900","Portland-Vancouver-Hillsboro, OR-WA","41","Oregon","051","Multnomah","45.50077","-122.5717"
"04/05/2020","AQS","410510063","1","1","ppb","1","","24","100.0000","42401","Sulfur dioxide","38900","Portland-Vancouver-Hillsboro, OR-WA","41","Oregon","051","Multnomah","45.50077","-122.5717"
"04/19/2020","AQS","410510063","1","0.4","ppb","0","","24","100.0000","42401","Sulfur dioxide","38900","Portland-Vancouver-Hillsboro, OR-WA","41","Oregon","051","Multnomah","45.50077","-122.5717"
"01/01/2020","AQS","410510080","1","0.2","ppb","0","Portland - SE Lafayette","24","100.0000","42401","Sulfur dioxide","38900","Portland-Vancouver-Hillsboro, OR-WA","41","Oregon","051","Multnomah","45.496641","-122.602877"
"01/02/2020","AQS","410510080","1","0.2","ppb","0","Portland - SE Lafayette","24","100.0000","42401","Sulfur dioxide","38900","Portland-Vancouver-Hillsboro, OR-WA","41","Oregon","051","Multnomah","45.496641","-122.602877"
"01/03/2020","AQS","410510080","1","0.5","ppb","0","Portland - SE Lafayette","19","79.0000","42401","Sulfur dioxide","38900","Portland-Vancouver-Hillsboro, OR-WA","41","Oregon","051","Multnomah","45.496641","-122.602877"
"01/04/2020","AQS","410510080","1","0.1","ppb","0","Portland - SE Lafayette","24","100.0000","42401","Sulfur dioxide","38900","Portland-Vancouver-Hillsboro, OR-WA","41","Oregon","051","Multnomah","45.496641","-122.602877"
"01/05/2020","AQS","410510080","1","0.1","ppb","0","Portland - SE Lafayette","24","100.0000","42401","Sulfur dioxide","38900","Portland-Vancouver-Hillsboro, OR-WA","41","Oregon","051","Multnomah","45.496641","-122.602877"
"01/06/2020","AQS","410510080","1","0.1","ppb","0","Portland - SE Lafayette","24","100.0000","42401","Sulfur dioxide","38900","Portland-Vancouver-Hillsboro, OR-WA","41","Oregon","051","Multnomah","45.496641","-122.602877"
"01/07/2020","AQS","410510080","1","0.2","ppb","0","Portland - SE Lafayette","22","92.0000","42401","Sulfur dioxide","38900","Portland-Vancouver-Hillsboro, OR-WA","41","Oregon","051","Multnomah","45.496641","-122.602877"
"01/11/2020","AQS","410510080","1","0","ppb","0","Portland - SE Lafayette","23","96.0000","42401","Sulfur dioxide","38900","Portland-Vancouver-Hillsboro, OR-WA","41","Oregon","051","Multnomah","45.496641","-122.602877"
"01/12/2020","AQS","410510080","1","0","ppb","0","Portland - SE Lafayette","22","92.0000","42401","Sulfur dioxide","38900","Portland-Vancouver-Hillsboro, OR-WA","41","Oregon","051","Multnomah","45.496641","-122.602877"
"01/13/2020","AQS","410510080","1","0","ppb","0","Portland - SE Lafayette","24","100.0000","42401","Sulfur dioxide","38900","Portland-Vancouver-Hillsboro, OR-WA","41","Oregon","051","Multnomah","45.496641","-122.602877"
"01/14/2020","AQS","410510080","1","0.2","ppb","0","Portland - SE Lafayette","24","100.0000","42401","Sulfur dioxide","38900","Portland-Vancouver-Hillsboro, OR-WA","41","Oregon","051","Multnomah","45.496641","-122.602877"
"01/15/2020","AQS","410510080","1","0.1","ppb","0","Portland - SE Lafayette","24","100.0000","42401","Sulfur dioxide","38900","Portland-Vancouver-Hillsboro, OR-WA","41","Oregon","051","Multnomah","45.496641","-122.602877"
"01/16/2020","AQS","410510080","1","1.8","ppb","1","Portland - SE Lafayette","22","92.0000","42401","Sulfur dioxide","38900","Portland-Vancouver-Hillsboro, OR-WA","41","Oregon","051","Multnomah","45.496641","-122.602877"
"01/17/2020","AQS","410510080","1","1","ppb","1","Portland - SE Lafayette","24","100.0000","42401","Sulfur dioxide","38900","Portland-Vancouver-Hillsboro, OR-WA","41","Oregon","051","Multnomah","45.496641","-122.602877"
"01/18/2020","AQS","410510080","1","0","ppb","0","Portland - SE Lafayette","24","100.0000","42401","Sulfur dioxide","38900","Portland-Vancouver-Hillsboro, OR-WA","41","Oregon","051","Multnomah","45.496641","-122.602877"
"01/19/2020","AQS","410510080","1","0.2","ppb","0","Portland - SE Lafayette","24","100.0000","42401","Sulfur dioxide","38900","Portland-Vancouver-Hillsboro, OR-WA","41","Oregon","051","Multnomah","45.496641","-122.602877"
"01/20/2020","AQS","410510080","1","0.7","ppb","0","Portland - SE Lafayette","24","100.0000","42401","Sulfur dioxide","38900","Portland-Vancouver-Hillsboro, OR-WA","41","Oregon","051","Multnomah","45.496641","-122.602877"
"01/22/2020","AQS","410510080","1","0.1","ppb","0","Portland - SE Lafayette","23","96.0000","42401","Sulfur dioxide","38900","Portland-Vancouver-Hillsboro, OR-WA","41","Oregon","051","Multnomah","45.496641","-122.602877"
"01/23/2020","AQS","410510080","1","0.4","ppb","0","Portland - SE Lafayette","24","100.0000","42401","Sulfur dioxide","38900","Portland-Vancouver-Hillsboro, OR-WA","41","Oregon","051","Multnomah","45.496641","-122.602877"
"01/24/2020","AQS","410510080","1","0.5","ppb","0","Portland - SE Lafayette","23","96.0000","42401","Sulfur dioxide","38900","Portland-Vancouver-Hillsboro, OR-WA","41","Oregon","051","Multnomah","45.496641","-122.602877"
"01/25/2020","AQS","410510080","1","0.1","ppb","0","Portland - SE Lafayette","24","100.0000","42401","Sulfur dioxide","38900","Portland-Vancouver-Hillsboro, OR-WA","41","Oregon","051","Multnomah","45.496641","-122.602877"
"01/26/2020","AQS","410510080","1","0.1","ppb","0","Portland - SE Lafayette","24","100.0000","42401","Sulfur dioxide","38900","Portland-Vancouver-Hillsboro, OR-WA","41","Oregon","051","Multnomah","45.496641","-122.602877"
"01/27/2020","AQS","410510080","1","1.4","ppb","1","Portland - SE Lafayette","24","100.0000","42401","Sulfur dioxide","38900","Portland-Vancouver-Hillsboro, OR-WA","41","Oregon","051","Multnomah","45.496641","-122.602877"
"01/28/2020","AQS","410510080","1","0.1","ppb","0","Portland - SE Lafayette","24","100.0000","42401","Sulfur dioxide","38900","Portland-Vancouver-Hillsboro, OR-WA","41","Oregon","051","Multnomah","45.496641","-122.602877"
"01/29/2020","AQS","410510080","1","0.3","ppb","0","Portland - SE Lafayette","24","100.0000","42401","Sulfur dioxide","38900","Portland-Vancouver-Hillsboro, OR-WA","41","Oregon","051","Multnomah","45.496641","-122.602877"
"01/30/2020","AQS","410510080","1","0.5","ppb","0","Portland - SE Lafayette","22","92.0000","42401","Sulfur dioxide","38900","Portland-Vancouver-Hillsboro, OR-WA","41","Oregon","051","Multnomah","45.496641","-122.602877"
"01/31/2020","AQS","410510080","1","0","ppb","0","Portland - SE Lafayette","24","100.0000","42401","Sulfur dioxide","38900","Portland-Vancouver-Hillsboro, OR-WA","41","Oregon","051","Multnomah","45.496641","-122.602877"
"02/01/2020","AQS","410510080","1","0.1","ppb","0","Portland - SE Lafayette","24","100.0000","42401","Sulfur dioxide","38900","Portland-Vancouver-Hillsboro, OR-WA","41","Oregon","051","Multnomah","45.496641","-122.602877"
"02/02/2020","AQS","410510080","1","1.3","ppb","1","Portland - SE Lafayette","24","100.0000","42401","Sulfur dioxide","38900","Portland-Vancouver-Hillsboro, OR-WA","41","Oregon","051","Multnomah","45.496641","-122.602877"
"02/03/2020","AQS","410510080","1","2.3","ppb","3","Portland - SE Lafayette","24","100.0000","42401","Sulfur dioxide","38900","Portland-Vancouver-Hillsboro, OR-WA","41","Oregon","051","Multnomah","45.496641","-122.602877"
"02/04/2020","AQS","410510080","1","2.1","ppb","3","Portland - SE Lafayette","24","100.0000","42401","Sulfur dioxide","38900","Portland-Vancouver-Hillsboro, OR-WA","41","Oregon","051","Multnomah","45.496641","-122.602877"
"02/05/2020","AQS","410510080","1","0","ppb","0","Portland - SE Lafayette","23","96.0000","42401","Sulfur dioxide","38900","Portland-Vancouver-Hillsboro, OR-WA","41","Oregon","051","Multnomah","45.496641","-122.602877"
"02/06/2020","AQS","410510080","1","0","ppb","0","Portland - SE Lafayette","22","92.0000","42401","Sulfur dioxide","38900","Portland-Vancouver-Hillsboro, OR-WA","41","Oregon","051","Multnomah","45.496641","-122.602877"
"02/07/2020","AQS","410510080","1","0","ppb","0","Portland - SE Lafayette","23","96.0000","42401","Sulfur dioxide","38900","Portland-Vancouver-Hillsboro, OR-WA","41","Oregon","051","Multnomah","45.496641","-122.602877"
"02/08/2020","AQS","410510080","1","0.1","ppb","0","Portland - SE Lafayette","24","100.0000","42401","Sulfur dioxide","38900","Portland-Vancouver-Hillsboro, OR-WA","41","Oregon","051","Multnomah","45.496641","-122.602877"
"02/09/2020","AQS","410510080","1","0.7","ppb","0","Portland - SE Lafayette","24","100.0000","42401","Sulfur dioxide","38900","Portland-Vancouver-Hillsboro, OR-WA","41","Oregon","051","Multnomah","45.496641","-122.602877"
"02/10/2020","AQS","410510080","1","0.9","ppb","0","Portland - SE Lafayette","22","92.0000","42401","Sulfur dioxide","38900","Portland-Vancouver-Hillsboro, OR-WA","41","Oregon","051","Multnomah","45.496641","-122.602877"
"02/11/2020","AQS","410510080","1","1.1","ppb","1","Portland - SE Lafayette","22","92.0000","42401","Sulfur dioxide","38900","Portland-Vancouver-Hillsboro, OR-WA","41","Oregon","051","Multnomah","45.496641","-122.602877"
"02/12/2020","AQS","410510080","1","1.8","ppb","1","Portland - SE Lafayette","24","100.0000","42401","Sulfur dioxide","38900","Portland-Vancouver-Hillsboro, OR-WA","41","Oregon","051","Multnomah","45.496641","-122.602877"
"02/13/2020","AQS","410510080","1","1.8","ppb","1","Portland - SE Lafayette","24","100.0000","42401","Sulfur dioxide","38900","Portland-Vancouver-Hillsboro, OR-WA","41","Oregon","051","Multnomah","45.496641","-122.602877"
"02/14/2020","AQS","410510080","1","0","ppb","0","Portland - SE Lafayette","24","100.0000","42401","Sulfur dioxide","38900","Portland-Vancouver-Hillsboro, OR-WA","41","Oregon","051","Multnomah","45.496641","-122.602877"
"02/15/2020","AQS","410510080","1","0","ppb","0","Portland - SE Lafayette","24","100.0000","42401","Sulfur dioxide","38900","Portland-Vancouver-Hillsboro, OR-WA","41","Oregon","051","Multnomah","45.496641","-122.602877"
"02/16/2020","AQS","410510080","1","0.1","ppb","0","Portland - SE Lafayette","24","100.0000","42401","Sulfur dioxide","38900","Portland-Vancouver-Hillsboro, OR-WA","41","Oregon","051","Multnomah","45.496641","-122.602877"
"02/17/2020","AQS","410510080","1","1","ppb","1","Portland - SE Lafayette","24","100.0000","42401","Sulfur dioxide","38900","Portland-Vancouver-Hillsboro, OR-WA","41","Oregon","051","Multnomah","45.496641","-122.602877"
"02/18/2020","AQS","410510080","1","1.4","ppb","1","Portland - SE Lafayette","24","100.0000","42401","Sulfur dioxide","38900","Portland-Vancouver-Hillsboro, OR-WA","41","Oregon","051","Multnomah","45.496641","-122.602877"
"02/19/2020","AQS","410510080","1","0.1","ppb","0","Portland - SE Lafayette","24","100.0000","42401","Sulfur dioxide","38900","Portland-Vancouver-Hillsboro, OR-WA","41","Oregon","051","Multnomah","45.496641","-122.602877"
"02/20/2020","AQS","410510080","1","0.1","ppb","0","Portland - SE Lafayette","22","92.0000","42401","Sulfur dioxide","38900","Portland-Vancouver-Hillsboro, OR-WA","41","Oregon","051","Multnomah","45.496641","-122.602877"
"02/21/2020","AQS","410510080","1","1.5","ppb","1","Portland - SE Lafayette","24","100.0000","42401","Sulfur dioxide","38900","Portland-Vancouver-Hillsboro, OR-WA","41","Oregon","051","Multnomah","45.496641","-122.602877"
"02/22/2020","AQS","410510080","1","1.1","ppb","1","Portland - SE Lafayette","24","100.0000","42401","Sulfur dioxide","38900","Portland-Vancouver-Hillsboro, OR-WA","41","Oregon","051","Multnomah","45.496641","-122.602877"
"02/23/2020","AQS","410510080","1","0.5","ppb","0","Portland - SE Lafayette","24","100.0000","42401","Sulfur dioxide","38900","Portland-Vancouver-Hillsboro, OR-WA","41","Oregon","051","Multnomah","45.496641","-122.602877"
"02/24/2020","AQS","410510080","1","0.4","ppb","0","Portland - SE Lafayette","24","100.0000","42401","Sulfur dioxide","38900","Portland-Vancouver-Hillsboro, OR-WA","41","Oregon","051","Multnomah","45.496641","-122.602877"
"02/25/2020","AQS","410510080","1","0.7","ppb","0","Portland - SE Lafayette","24","100.0000","42401","Sulfur dioxide","38900","Portland-Vancouver-Hillsboro, OR-WA","41","Oregon","051","Multnomah","45.496641","-122.602877"
"02/26/2020","AQS","410510080","1","1.5","ppb","1","Portland - SE Lafayette","24","100.0000","42401","Sulfur dioxide","38900","Portland-Vancouver-Hillsboro, OR-WA","41","Oregon","051","Multnomah","45.496641","-122.602877"
"02/27/2020","AQS","410510080","1","1.7","ppb","1","Portland - SE Lafayette","24","100.0000","42401","Sulfur dioxide","38900","Portland-Vancouver-Hillsboro, OR-WA","41","Oregon","051","Multnomah","45.496641","-122.602877"
"02/28/2020","AQS","410510080","1","2.3","ppb","3","Portland - SE Lafayette","22","92.0000","42401","Sulfur dioxide","38900","Portland-Vancouver-Hillsboro, OR-WA","41","Oregon","051","Multnomah","45.496641","-122.602877"
"02/29/2020","AQS","410510080","1","0","ppb","0","Portland - SE Lafayette","24","100.0000","42401","Sulfur dioxide","38900","Portland-Vancouver-Hillsboro, OR-WA","41","Oregon","051","Multnomah","45.496641","-122.602877"
"03/01/2020","AQS","410510080","1","0.1","ppb","0","Portland - SE Lafayette","24","100.0000","42401","Sulfur dioxide","38900","Portland-Vancouver-Hillsboro, OR-WA","41","Oregon","051","Multnomah","45.496641","-122.602877"
"03/02/2020","AQS","410510080","1","0","ppb","0","Portland - SE Lafayette","24","100.0000","42401","Sulfur dioxide","38900","Portland-Vancouver-Hillsboro, OR-WA","41","Oregon","051","Multnomah","45.496641","-122.602877"
"03/03/2020","AQS","410510080","1","0","ppb","0","Portland - SE Lafayette","24","100.0000","42401","Sulfur dioxide","38900","Portland-Vancouver-Hillsboro, OR-WA","41","Oregon","051","Multnomah","45.496641","-122.602877"
"03/04/2020","AQS","410510080","1","1.2","ppb","1","Portland - SE Lafayette","24","100.0000","42401","Sulfur dioxide","38900","Portland-Vancouver-Hillsboro, OR-WA","41","Oregon","051","Multnomah","45.496641","-122.602877"
"03/05/2020","AQS","410510080","1","1.7","ppb","1","Portland - SE Lafayette","24","100.0000","42401","Sulfur dioxide","38900","Portland-Vancouver-Hillsboro, OR-WA","41","Oregon","051","Multnomah","45.496641","-122.602877"
"03/06/2020","AQS","410510080","1","0.1","ppb","0","Portland - SE Lafayette","20","83.0000","42401","Sulfur dioxide","38900","Portland-Vancouver-Hillsboro, OR-WA","41","Oregon","051","Multnomah","45.496641","-122.602877"
"03/07/2020","AQS","410510080","1","0.1","ppb","0","Portland - SE Lafayette","24","100.0000","42401","Sulfur dioxide","38900","Portland-Vancouver-Hillsboro, OR-WA","41","Oregon","051","Multnomah","45.496641","-122.602877"
"03/08/2020","AQS","410510080","1","1.1","ppb","1","Portland - SE Lafayette","24","100.0000","42401","Sulfur dioxide","38900","Portland-Vancouver-Hillsboro, OR-WA","41","Oregon","051","Multnomah","45.496641","-122.602877"
"03/09/2020","AQS","410510080","1","1.4","ppb","1","Portland - SE Lafayette","24","100.0000","42401","Sulfur dioxide","38900","Portland-Vancouver-Hillsboro, OR-WA","41","Oregon","051","Multnomah","45.496641","-122.602877"
"03/10/2020","AQS","410510080","1","2.5","ppb","3","Portland - SE Lafayette","24","100.0000","42401","Sulfur dioxide","38900","Portland-Vancouver-Hillsboro, OR-WA","41","Oregon","051","Multnomah","45.496641","-122.602877"
"03/11/2020","AQS","410510080","1","0.4","ppb","0","Portland - SE Lafayette","24","100.0000","42401","Sulfur dioxide","38900","Portland-Vancouver-Hillsboro, OR-WA","41","Oregon","051","Multnomah","45.496641","-122.602877"
"03/12/2020","AQS","410510080","1","1.7","ppb","1","Portland - SE Lafayette","24","100.0000","42401","Sulfur dioxide","38900","Portland-Vancouver-Hillsboro, OR-WA","41","Oregon","051","Multnomah","45.496641","-122.602877"
"03/13/2020","AQS","410510080","1","0.6","ppb","0","Portland - SE Lafayette","24","100.0000","42401","Sulfur dioxide","38900","Portland-Vancouver-Hillsboro, OR-WA","41","Oregon","051","Multnomah","45.496641","-122.602877"
"03/14/2020","AQS","410510080","1","0.1","ppb","0","Portland - SE Lafayette","22","92.0000","42401","Sulfur dioxide","38900","Portland-Vancouver-Hillsboro, OR-WA","41","Oregon","051","Multnomah","45.496641","-122.602877"
"03/15/2020","AQS","410510080","1","0.1","ppb","0","Portland - SE Lafayette","24","100.0000","42401","Sulfur dioxide","38900","Portland-Vancouver-Hillsboro, OR-WA","41","Oregon","051","Multnomah","45.496641","-122.602877"
"03/16/2020","AQS","410510080","1","0.5","ppb","0","Portland - SE Lafayette","24","100.0000","42401","Sulfur dioxide","38900","Portland-Vancouver-Hillsboro, OR-WA","41","Oregon","051","Multnomah","45.496641","-122.602877"
"03/17/2020","AQS","410510080","1","1.1","ppb","1","Portland - SE Lafayette","24","100.0000","42401","Sulfur dioxide","38900","Portland-Vancouver-Hillsboro, OR-WA","41","Oregon","051","Multnomah","45.496641","-122.602877"
"03/18/2020","AQS","410510080","1","0.7","ppb","0","Portland - SE Lafayette","24","100.0000","42401","Sulfur dioxide","38900","Portland-Vancouver-Hillsboro, OR-WA","41","Oregon","051","Multnomah","45.496641","-122.602877"
"03/19/2020","AQS","410510080","1","1.7","ppb","1","Portland - SE Lafayette","24","100.0000","42401","Sulfur dioxide","38900","Portland-Vancouver-Hillsboro, OR-WA","41","Oregon","051","Multnomah","45.496641","-122.602877"
"03/20/2020","AQS","410510080","1","1.4","ppb","1","Portland - SE Lafayette","22","92.0000","42401","Sulfur dioxide","38900","Portland-Vancouver-Hillsboro, OR-WA","41","Oregon","051","Multnomah","45.496641","-122.602877"
"03/21/2020","AQS","410510080","1","0.7","ppb","0","Portland - SE Lafayette","24","100.0000","42401","Sulfur dioxide","38900","Portland-Vancouver-Hillsboro, OR-WA","41","Oregon","051","Multnomah","45.496641","-122.602877"
"03/22/2020","AQS","410510080","1","1","ppb","1","Portland - SE Lafayette","24","100.0000","42401","Sulfur dioxide","38900","Portland-Vancouver-Hillsboro, OR-WA","41","Oregon","051","Multnomah","45.496641","-122.602877"
"03/23/2020","AQS","410510080","1","0.1","ppb","0","Portland - SE Lafayette","24","100.0000","42401","Sulfur dioxide","38900","Portland-Vancouver-Hillsboro, OR-WA","41","Oregon","051","Multnomah","45.496641","-122.602877"
"03/24/2020","AQS","410510080","1","0.1","ppb","0","Portland - SE Lafayette","24","100.0000","42401","Sulfur dioxide","38900","Portland-Vancouver-Hillsboro, OR-WA","41","Oregon","051","Multnomah","45.496641","-122.602877"
"03/25/2020","AQS","410510080","1","0.1","ppb","0","Portland - SE Lafayette","24","100.0000","42401","Sulfur dioxide","38900","Portland-Vancouver-Hillsboro, OR-WA","41","Oregon","051","Multnomah","45.496641","-122.602877"
"03/26/2020","AQS","410510080","1","0.4","ppb","0","Portland - SE Lafayette","24","100.0000","42401","Sulfur dioxide","38900","Portland-Vancouver-Hillsboro, OR-WA","41","Oregon","051","Multnomah","45.496641","-122.602877"
"04/02/2020","AQS","410510080","1","0.1","ppb","0","Portland - SE Lafayette","24","100.0000","42401","Sulfur dioxide","38900","Portland-Vancouver-Hillsboro, OR-WA","41","Oregon","051","Multnomah","45.496641","-122.602877"
"04/03/2020","AQS","410510080","1","0.1","ppb","0","Portland - SE Lafayette","24","100.0000","42401","Sulfur dioxide","38900","Portland-Vancouver-Hillsboro, OR-WA","41","Oregon","051","Multnomah","45.496641","-122.602877"
"04/04/2020","AQS","410510080","1","0.3","ppb","0","Portland - SE Lafayette","24","100.0000","42401","Sulfur dioxide","38900","Portland-Vancouver-Hillsboro, OR-WA","41","Oregon","051","Multnomah","45.496641","-122.602877"
"04/05/2020","AQS","410510080","1","0.1","ppb","0","Portland - SE Lafayette","24","100.0000","42401","Sulfur dioxide","38900","Portland-Vancouver-Hillsboro, OR-WA","41","Oregon","051","Multnomah","45.496641","-122.602877"
"04/06/2020","AQS","410510080","1","0.7","ppb","0","Portland - SE Lafayette","24","100.0000","42401","Sulfur dioxide","38900","Portland-Vancouver-Hillsboro, OR-WA","41","Oregon","051","Multnomah","45.496641","-122.602877"
"04/07/2020","AQS","410510080","1","0.1","ppb","0","Portland - SE Lafayette","22","92.0000","42401","Sulfur dioxide","38900","Portland-Vancouver-Hillsboro, OR-WA","41","Oregon","051","Multnomah","45.496641","-122.602877"
"04/08/2020","AQS","410510080","1","0.4","ppb","0","Portland - SE Lafayette","24","100.0000","42401","Sulfur dioxide","38900","Portland-Vancouver-Hillsboro, OR-WA","41","Oregon","051","Multnomah","45.496641","-122.602877"
"04/09/2020","AQS","410510080","1","0.5","ppb","0","Portland - SE Lafayette","23","96.0000","42401","Sulfur dioxide","38900","Portland-Vancouver-Hillsboro, OR-WA","41","Oregon","051","Multnomah","45.496641","-122.602877"
"04/10/2020","AQS","410510080","1","0.4","ppb","0","Portland - SE Lafayette","24","100.0000","42401","Sulfur dioxide","38900","Portland-Vancouver-Hillsboro, OR-WA","41","Oregon","051","Multnomah","45.496641","-122.602877"
"04/11/2020","AQS","410510080","1","0.2","ppb","0","Portland - SE Lafayette","24","100.0000","42401","Sulfur dioxide","38900","Portland-Vancouver-Hillsboro, OR-WA","41","Oregon","051","Multnomah","45.496641","-122.602877"
"04/12/2020","AQS","410510080","1","0.3","ppb","0","Portland - SE Lafayette","24","100.0000","42401","Sulfur dioxide","38900","Portland-Vancouver-Hillsboro, OR-WA","41","Oregon","051","Multnomah","45.496641","-122.602877"
"04/13/2020","AQS","410510080","1","0.6","ppb","0","Portland - SE Lafayette","22","92.0000","42401","Sulfur dioxide","38900","Portland-Vancouver-Hillsboro, OR-WA","41","Oregon","051","Multnomah","45.496641","-122.602877"
"04/14/2020","AQS","410510080","1","0.4","ppb","0","Portland - SE Lafayette","24","100.0000","42401","Sulfur dioxide","38900","Portland-Vancouver-Hillsboro, OR-WA","41","Oregon","051","Multnomah","45.496641","-122.602877"
"04/15/2020","AQS","410510080","1","0.1","ppb","0","Portland - SE Lafayette","24","100.0000","42401","Sulfur dioxide","38900","Portland-Vancouver-Hillsboro, OR-WA","41","Oregon","051","Multnomah","45.496641","-122.602877"
"04/16/2020","AQS","410510080","1","0.5","ppb","0","Portland - SE Lafayette","24","100.0000","42401","Sulfur dioxide","38900","Portland-Vancouver-Hillsboro, OR-WA","41","Oregon","051","Multnomah","45.496641","-122.602877"
"04/17/2020","AQS","410510080","1","0.3","ppb","0","Portland - SE Lafayette","24","100.0000","42401","Sulfur dioxide","38900","Portland-Vancouver-Hillsboro, OR-WA","41","Oregon","051","Multnomah","45.496641","-122.602877"
"04/18/2020","AQS","410510080","1","0.1","ppb","0","Portland - SE Lafayette","24","100.0000","42401","Sulfur dioxide","38900","Portland-Vancouver-Hillsboro, OR-WA","41","Oregon","051","Multnomah","45.496641","-122.602877"
"04/19/2020","AQS","410510080","1","0.1","ppb","0","Portland - SE Lafayette","24","100.0000","42401","Sulfur dioxide","38900","Portland-Vancouver-Hillsboro, OR-WA","41","Oregon","051","Multnomah","45.496641","-122.602877"
"04/20/2020","AQS","410510080","1","0.6","ppb","0","Portland - SE Lafayette","24","100.0000","42401","Sulfur dioxide","38900","Portland-Vancouver-Hillsboro, OR-WA","41","Oregon","051","Multnomah","45.496641","-122.602877"
"04/21/2020","AQS","410510080","1","0","ppb","0","Portland - SE Lafayette","24","100.0000","42401","Sulfur dioxide","38900","Portland-Vancouver-Hillsboro, OR-WA","41","Oregon","051","Multnomah","45.496641","-122.602877"
"04/22/2020","AQS","410510080","1","0","ppb","0","Portland - SE Lafayette","21","88.0000","42401","Sulfur dioxide","38900","Portland-Vancouver-Hillsboro, OR-WA","41","Oregon","051","Multnomah","45.496641","-122.602877"
"04/23/2020","AQS","410510080","1","0.1","ppb","0","Portland - SE Lafayette","24","100.0000","42401","Sulfur dioxide","38900","Portland-Vancouver-Hillsboro, OR-WA","41","Oregon","051","Multnomah","45.496641","-122.602877"
"04/24/2020","AQS","410510080","1","0.2","ppb","0","Portland - SE Lafayette","24","100.0000","42401","Sulfur dioxide","38900","Portland-Vancouver-Hillsboro, OR-WA","41","Oregon","051","Multnomah","45.496641","-122.602877"
"04/25/2020","AQS","410510080","1","0.1","ppb","0","Portland - SE Lafayette","24","100.0000","42401","Sulfur dioxide","38900","Portland-Vancouver-Hillsboro, OR-WA","41","Oregon","051","Multnomah","45.496641","-122.602877"
"04/26/2020","AQS","410510080","1","0.5","ppb","0","Portland - SE Lafayette","24","100.0000","42401","Sulfur dioxide","38900","Portland-Vancouver-Hillsboro, OR-WA","41","Oregon","051","Multnomah","45.496641","-122.602877"
"04/27/2020","AQS","410510080","1","0.1","ppb","0","Portland - SE Lafayette","24","100.0000","42401","Sulfur dioxide","38900","Portland-Vancouver-Hillsboro, OR-WA","41","Oregon","051","Multnomah","45.496641","-122.602877"
"04/28/2020","AQS","410510080","1","0.3","ppb","0","Portland - SE Lafayette","24","100.0000","42401","Sulfur dioxide","38900","Portland-Vancouver-Hillsboro, OR-WA","41","Oregon","051","Multnomah","45.496641","-122.602877"
"04/29/2020","AQS","410510080","1","0.4","ppb","0","Portland - SE Lafayette","22","92.0000","42401","Sulfur dioxide","38900","Portland-Vancouver-Hillsboro, OR-WA","41","Oregon","051","Multnomah","45.496641","-122.602877"
"04/30/2020","AQS","410510080","1","0.1","ppb","0","Portland - SE Lafayette","23","96.0000","42401","Sulfur dioxide","38900","Portland-Vancouver-Hillsboro, OR-WA","41","Oregon","051","Multnomah","45.496641","-122.602877"
"05/01/2020","AQS","410510080","1","0.4","ppb","0","Portland - SE Lafayette","24","100.0000","42401","Sulfur dioxide","38900","Portland-Vancouver-Hillsboro, OR-WA","41","Oregon","051","Multnomah","45.496641","-122.602877"
"05/02/2020","AQS","410510080","1","0.2","ppb","0","Portland - SE Lafayette","24","100.0000","42401","Sulfur dioxide","38900","Portland-Vancouver-Hillsboro, OR-WA","41","Oregon","051","Multnomah","45.496641","-122.602877"
"05/03/2020","AQS","410510080","1","0.2","ppb","0","Portland - SE Lafayette","24","100.0000","42401","Sulfur dioxide","38900","Portland-Vancouver-Hillsboro, OR-WA","41","Oregon","051","Multnomah","45.496641","-122.602877"
"05/04/2020","AQS","410510080","1","0.1","ppb","0","Portland - SE Lafayette","24","100.0000","42401","Sulfur dioxide","38900","Portland-Vancouver-Hillsboro, OR-WA","41","Oregon","051","Multnomah","45.496641","-122.602877"
"05/05/2020","AQS","410510080","1","0.2","ppb","0","Portland - SE Lafayette","21","88.0000","42401","Sulfur dioxide","38900","Portland-Vancouver-Hillsboro, OR-WA","41","Oregon","051","Multnomah","45.496641","-122.602877"
"05/06/2020","AQS","410510080","1","0","ppb","0","Portland - SE Lafayette","24","100.0000","42401","Sulfur dioxide","38900","Portland-Vancouver-Hillsboro, OR-WA","41","Oregon","051","Multnomah","45.496641","-122.602877"
"05/07/2020","AQS","410510080","1","0.2","ppb","0","Portland - SE Lafayette","24","100.0000","42401","Sulfur dioxide","38900","Portland-Vancouver-Hillsboro, OR-WA","41","Oregon","051","Multnomah","45.496641","-122.602877"
"05/08/2020","AQS","410510080","1","0.2","ppb","0","Portland - SE Lafayette","24","100.0000","42401","Sulfur dioxide","38900","Portland-Vancouver-Hillsboro, OR-WA","41","Oregon","051","Multnomah","45.496641","-122.602877"
"05/09/2020","AQS","410510080","1","0.3","ppb","0","Portland - SE Lafayette","24","100.0000","42401","Sulfur dioxide","38900","Portland-Vancouver-Hillsboro, OR-WA","41","Oregon","051","Multnomah","45.496641","-122.602877"
"05/10/2020","AQS","410510080","1","0.4","ppb","0","Portland - SE Lafayette","24","100.0000","42401","Sulfur dioxide","38900","Portland-Vancouver-Hillsboro, OR-WA","41","Oregon","051","Multnomah","45.496641","-122.602877"
"05/11/2020","AQS","410510080","1","0.2","ppb","0","Portland - SE Lafayette","24","100.0000","42401","Sulfur dioxide","38900","Portland-Vancouver-Hillsboro, OR-WA","41","Oregon","051","Multnomah","45.496641","-122.602877"
"05/12/2020","AQS","410510080","1","0.2","ppb","0","Portland - SE Lafayette","24","100.0000","42401","Sulfur dioxide","38900","Portland-Vancouver-Hillsboro, OR-WA","41","Oregon","051","Multnomah","45.496641","-122.602877"
"05/13/2020","AQS","410510080","1","0.1","ppb","0","Portland - SE Lafayette","21","88.0000","42401","Sulfur dioxide","38900","Portland-Vancouver-Hillsboro, OR-WA","41","Oregon","051","Multnomah","45.496641","-122.602877"
"05/14/2020","AQS","410510080","1","0.1","ppb","0","Portland - SE Lafayette","24","100.0000","42401","Sulfur dioxide","38900","Portland-Vancouver-Hillsboro, OR-WA","41","Oregon","051","Multnomah","45.496641","-122.602877"
"05/15/2020","AQS","410510080","1","0.3","ppb","0","Portland - SE Lafayette","24","100.0000","42401","Sulfur dioxide","38900","Portland-Vancouver-Hillsboro, OR-WA","41","Oregon","051","Multnomah","45.496641","-122.602877"
"05/16/2020","AQS","410510080","1","0.2","ppb","0","Portland - SE Lafayette","24","100.0000","42401","Sulfur dioxide","38900","Portland-Vancouver-Hillsboro, OR-WA","41","Oregon","051","Multnomah","45.496641","-122.602877"
"05/17/2020","AQS","410510080","1","0.2","ppb","0","Portland - SE Lafayette","24","100.0000","42401","Sulfur dioxide","38900","Portland-Vancouver-Hillsboro, OR-WA","41","Oregon","051","Multnomah","45.496641","-122.602877"
"05/18/2020","AQS","410510080","1","0.1","ppb","0","Portland - SE Lafayette","24","100.0000","42401","Sulfur dioxide","38900","Portland-Vancouver-Hillsboro, OR-WA","41","Oregon","051","Multnomah","45.496641","-122.602877"
"05/19/2020","AQS","410510080","1","0.1","ppb","0","Portland - SE Lafayette","21","88.0000","42401","Sulfur dioxide","38900","Portland-Vancouver-Hillsboro, OR-WA","41","Oregon","051","Multnomah","45.496641","-122.602877"
"05/20/2020","AQS","410510080","1","0.1","ppb","0","Portland - SE Lafayette","24","100.0000","42401","Sulfur dioxide","38900","Portland-Vancouver-Hillsboro, OR-WA","41","Oregon","051","Multnomah","45.496641","-122.602877"
"05/21/2020","AQS","410510080","1","0.1","ppb","0","Portland - SE Lafayette","24","100.0000","42401","Sulfur dioxide","38900","Portland-Vancouver-Hillsboro, OR-WA","41","Oregon","051","Multnomah","45.496641","-122.602877"
"05/22/2020","AQS","410510080","1","0.3","ppb","0","Portland - SE Lafayette","24","100.0000","42401","Sulfur dioxide","38900","Portland-Vancouver-Hillsboro, OR-WA","41","Oregon","051","Multnomah","45.496641","-122.602877"
"05/23/2020","AQS","410510080","1","0.2","ppb","0","Portland - SE Lafayette","24","100.0000","42401","Sulfur dioxide","38900","Portland-Vancouver-Hillsboro, OR-WA","41","Oregon","051","Multnomah","45.496641","-122.602877"
"05/24/2020","AQS","410510080","1","0.4","ppb","0","Portland - SE Lafayette","24","100.0000","42401","Sulfur dioxide","38900","Portland-Vancouver-Hillsboro, OR-WA","41","Oregon","051","Multnomah","45.496641","-122.602877"
"05/25/2020","AQS","410510080","1","0.4","ppb","0","Portland - SE Lafayette","24","100.0000","42401","Sulfur dioxide","38900","Portland-Vancouver-Hillsboro, OR-WA","41","Oregon","051","Multnomah","45.496641","-122.602877"
"05/26/2020","AQS","410510080","1","0.3","ppb","0","Portland - SE Lafayette","22","92.0000","42401","Sulfur dioxide","38900","Portland-Vancouver-Hillsboro, OR-WA","41","Oregon","051","Multnomah","45.496641","-122.602877"
"05/27/2020","AQS","410510080","1","0.3","ppb","0","Portland - SE Lafayette","24","100.0000","42401","Sulfur dioxide","38900","Portland-Vancouver-Hillsboro, OR-WA","41","Oregon","051","Multnomah","45.496641","-122.602877"
"05/28/2020","AQS","410510080","1","0.6","ppb","0","Portland - SE Lafayette","24","100.0000","42401","Sulfur dioxide","38900","Portland-Vancouver-Hillsboro, OR-WA","41","Oregon","051","Multnomah","45.496641","-122.602877"
"05/29/2020","AQS","410510080","1","0.5","ppb","0","Portland - SE Lafayette","24","100.0000","42401","Sulfur dioxide","38900","Portland-Vancouver-Hillsboro, OR-WA","41","Oregon","051","Multnomah","45.496641","-122.602877"
"05/30/2020","AQS","410510080","1","0.1","ppb","0","Portland - SE Lafayette","20","83.0000","42401","Sulfur dioxide","38900","Portland-Vancouver-Hillsboro, OR-WA","41","Oregon","051","Multnomah","45.496641","-122.602877"
"05/31/2020","AQS","410510080","1","0.1","ppb","0","Portland - SE Lafayette","24","100.0000","42401","Sulfur dioxide","38900","Portland-Vancouver-Hillsboro, OR-WA","41","Oregon","051","Multnomah","45.496641","-122.602877"
"06/01/2020","AQS","410510080","1","0.4","ppb","0","Portland - SE Lafayette","24","100.0000","42401","Sulfur dioxide","38900","Portland-Vancouver-Hillsboro, OR-WA","41","Oregon","051","Multnomah","45.496641","-122.602877"
"06/02/2020","AQS","410510080","1","0.6","ppb","0","Portland - SE Lafayette","24","100.0000","42401","Sulfur dioxide","38900","Portland-Vancouver-Hillsboro, OR-WA","41","Oregon","051","Multnomah","45.496641","-122.602877"
"06/03/2020","AQS","410510080","1","0.4","ppb","0","Portland - SE Lafayette","22","92.0000","42401","Sulfur dioxide","38900","Portland-Vancouver-Hillsboro, OR-WA","41","Oregon","051","Multnomah","45.496641","-122.602877"
"06/04/2020","AQS","410510080","1","0.2","ppb","0","Portland - SE Lafayette","24","100.0000","42401","Sulfur dioxide","38900","Portland-Vancouver-Hillsboro, OR-WA","41","Oregon","051","Multnomah","45.496641","-122.602877"
"06/05/2020","AQS","410510080","1","0.3","ppb","0","Portland - SE Lafayette","24","100.0000","42401","Sulfur dioxide","38900","Portland-Vancouver-Hillsboro, OR-WA","41","Oregon","051","Multnomah","45.496641","-122.602877"
"06/06/2020","AQS","410510080","1","0.2","ppb","0","Portland - SE Lafayette","24","100.0000","42401","Sulfur dioxide","38900","Portland-Vancouver-Hillsboro, OR-WA","41","Oregon","051","Multnomah","45.496641","-122.602877"
"06/07/2020","AQS","410510080","1","0.1","ppb","0","Portland - SE Lafayette","24","100.0000","42401","Sulfur dioxide","38900","Portland-Vancouver-Hillsboro, OR-WA","41","Oregon","051","Multnomah","45.496641","-122.602877"
"06/08/2020","AQS","410510080","1","0.1","ppb","0","Portland - SE Lafayette","24","100.0000","42401","Sulfur dioxide","38900","Portland-Vancouver-Hillsboro, OR-WA","41","Oregon","051","Multnomah","45.496641","-122.602877"
"06/09/2020","AQS","410510080","1","0.1","ppb","0","Portland - SE Lafayette","21","88.0000","42401","Sulfur dioxide","38900","Portland-Vancouver-Hillsboro, OR-WA","41","Oregon","051","Multnomah","45.496641","-122.602877"
"06/10/2020","AQS","410510080","1","0.2","ppb","0","Portland - SE Lafayette","24","100.0000","42401","Sulfur dioxide","38900","Portland-Vancouver-Hillsboro, OR-WA","41","Oregon","051","Multnomah","45.496641","-122.602877"
"06/11/2020","AQS","410510080","1","0.4","ppb","0","Portland - SE Lafayette","24","100.0000","42401","Sulfur dioxide","38900","Portland-Vancouver-Hillsboro, OR-WA","41","Oregon","051","Multnomah","45.496641","-122.602877"
"06/12/2020","AQS","410510080","1","0.3","ppb","0","Portland - SE Lafayette","24","100.0000","42401","Sulfur dioxide","38900","Portland-Vancouver-Hillsboro, OR-WA","41","Oregon","051","Multnomah","45.496641","-122.602877"
"06/13/2020","AQS","410510080","1","0.1","ppb","0","Portland - SE Lafayette","24","100.0000","42401","Sulfur dioxide","38900","Portland-Vancouver-Hillsboro, OR-WA","41","Oregon","051","Multnomah","45.496641","-122.602877"
"06/14/2020","AQS","410510080","1","0.2","ppb","0","Portland - SE Lafayette","24","100.0000","42401","Sulfur dioxide","38900","Portland-Vancouver-Hillsboro, OR-WA","41","Oregon","051","Multnomah","45.496641","-122.602877"
"06/15/2020","AQS","410510080","1","0.2","ppb","0","Portland - SE Lafayette","24","100.0000","42401","Sulfur dioxide","38900","Portland-Vancouver-Hillsboro, OR-WA","41","Oregon","051","Multnomah","45.496641","-122.602877"
"06/16/2020","AQS","410510080","1","0.1","ppb","0","Portland - SE Lafayette","21","88.0000","42401","Sulfur dioxide","38900","Portland-Vancouver-Hillsboro, OR-WA","41","Oregon","051","Multnomah","45.496641","-122.602877"
"06/17/2020","AQS","410510080","1","0.3","ppb","0","Portland - SE Lafayette","24","100.0000","42401","Sulfur dioxide","38900","Portland-Vancouver-Hillsboro, OR-WA","41","Oregon","051","Multnomah","45.496641","-122.602877"
"06/18/2020","AQS","410510080","1","0.3","ppb","0","Portland - SE Lafayette","24","100.0000","42401","Sulfur dioxide","38900","Portland-Vancouver-Hillsboro, OR-WA","41","Oregon","051","Multnomah","45.496641","-122.602877"
"06/19/2020","AQS","410510080","1","0.8","ppb","0","Portland - SE Lafayette","24","100.0000","42401","Sulfur dioxide","38900","Portland-Vancouver-Hillsboro, OR-WA","41","Oregon","051","Multnomah","45.496641","-122.602877"
"06/20/2020","AQS","410510080","1","0.3","ppb","0","Portland - SE Lafayette","24","100.0000","42401","Sulfur dioxide","38900","Portland-Vancouver-Hillsboro, OR-WA","41","Oregon","051","Multnomah","45.496641","-122.602877"
"06/21/2020","AQS","410510080","1","0.2","ppb","0","Portland - SE Lafayette","24","100.0000","42401","Sulfur dioxide","38900","Portland-Vancouver-Hillsboro, OR-WA","41","Oregon","051","Multnomah","45.496641","-122.602877"
"06/22/2020","AQS","410510080","1","0.4","ppb","0","Portland - SE Lafayette","24","100.0000","42401","Sulfur dioxide","38900","Portland-Vancouver-Hillsboro, OR-WA","41","Oregon","051","Multnomah","45.496641","-122.602877"
"06/23/2020","AQS","410510080","1","0.5","ppb","0","Portland - SE Lafayette","24","100.0000","42401","Sulfur dioxide","38900","Portland-Vancouver-Hillsboro, OR-WA","41","Oregon","051","Multnomah","45.496641","-122.602877"
"06/24/2020","AQS","410510080","1","0.3","ppb","0","Portland - SE Lafayette","21","88.0000","42401","Sulfur dioxide","38900","Portland-Vancouver-Hillsboro, OR-WA","41","Oregon","051","Multnomah","45.496641","-122.602877"
"06/25/2020","AQS","410510080","1","0.3","ppb","0","Portland - SE Lafayette","23","96.0000","42401","Sulfur dioxide","38900","Portland-Vancouver-Hillsboro, OR-WA","41","Oregon","051","Multnomah","45.496641","-122.602877"
"06/26/2020","AQS","410510080","1","0.3","ppb","0","Portland - SE Lafayette","24","100.0000","42401","Sulfur dioxide","38900","Portland-Vancouver-Hillsboro, OR-WA","41","Oregon","051","Multnomah","45.496641","-122.602877"
"06/27/2020","AQS","410510080","1","0.2","ppb","0","Portland - SE Lafayette","24","100.0000","42401","Sulfur dioxide","38900","Portland-Vancouver-Hillsboro, OR-WA","41","Oregon","051","Multnomah","45.496641","-122.602877"
"06/28/2020","AQS","410510080","1","0.2","ppb","0","Portland - SE Lafayette","24","100.0000","42401","Sulfur dioxide","38900","Portland-Vancouver-Hillsboro, OR-WA","41","Oregon","051","Multnomah","45.496641","-122.602877"
"06/29/2020","AQS","410510080","1","0.2","ppb","0","Portland - SE Lafayette","22","92.0000","42401","Sulfur dioxide","38900","Portland-Vancouver-Hillsboro, OR-WA","41","Oregon","051","Multnomah","45.496641","-122.602877"
"06/30/2020","AQS","410510080","1","0.2","ppb","0","Portland - SE Lafayette","24","100.0000","42401","Sulfur dioxide","38900","Portland-Vancouver-Hillsboro, OR-WA","41","Oregon","051","Multnomah","45.496641","-122.602877"
"07/01/2020","AQS","410510080","1","0.2","ppb","0","Portland - SE Lafayette","24","100.0000","42401","Sulfur dioxide","38900","Portland-Vancouver-Hillsboro, OR-WA","41","Oregon","051","Multnomah","45.496641","-122.602877"
"07/02/2020","AQS","410510080","1","0.2","ppb","0","Portland - SE Lafayette","24","100.0000","42401","Sulfur dioxide","38900","Portland-Vancouver-Hillsboro, OR-WA","41","Oregon","051","Multnomah","45.496641","-122.602877"
"07/03/2020","AQS","410510080","1","0.3","ppb","0","Portland - SE Lafayette","24","100.0000","42401","Sulfur dioxide","38900","Portland-Vancouver-Hillsboro, OR-WA","41","Oregon","051","Multnomah","45.496641","-122.602877"
"07/04/2020","AQS","410510080","1","1.8","ppb","1","Portland - SE Lafayette","24","100.0000","42401","Sulfur dioxide","38900","Portland-Vancouver-Hillsboro, OR-WA","41","Oregon","051","Multnomah","45.496641","-122.602877"
"07/05/2020","AQS","410510080","1","0.3","ppb","0","Portland - SE Lafayette","24","100.0000","42401","Sulfur dioxide","38900","Portland-Vancouver-Hillsboro, OR-WA","41","Oregon","051","Multnomah","45.496641","-122.602877"
"07/06/2020","AQS","410510080","1","0.3","ppb","0","Portland - SE Lafayette","24","100.0000","42401","Sulfur dioxide","38900","Portland-Vancouver-Hillsboro, OR-WA","41","Oregon","051","Multnomah","45.496641","-122.602877"
"07/07/2020","AQS","410510080","1","0.2","ppb","0","Portland - SE Lafayette","21","88.0000","42401","Sulfur dioxide","38900","Portland-Vancouver-Hillsboro, OR-WA","41","Oregon","051","Multnomah","45.496641","-122.602877"
"07/08/2020","AQS","410510080","1","0.3","ppb","0","Portland - SE Lafayette","24","100.0000","42401","Sulfur dioxide","38900","Portland-Vancouver-Hillsboro, OR-WA","41","Oregon","051","Multnomah","45.496641","-122.602877"
"07/09/2020","AQS","410510080","1","0.3","ppb","0","Portland - SE Lafayette","24","100.0000","42401","Sulfur dioxide","38900","Portland-Vancouver-Hillsboro, OR-WA","41","Oregon","051","Multnomah","45.496641","-122.602877"
"07/10/2020","AQS","410510080","1","0.3","ppb","0","Portland - SE Lafayette","24","100.0000","42401","Sulfur dioxide","38900","Portland-Vancouver-Hillsboro, OR-WA","41","Oregon","051","Multnomah","45.496641","-122.602877"
"07/11/2020","AQS","410510080","1","0.3","ppb","0","Portland - SE Lafayette","24","100.0000","42401","Sulfur dioxide","38900","Portland-Vancouver-Hillsboro, OR-WA","41","Oregon","051","Multnomah","45.496641","-122.602877"
"07/12/2020","AQS","410510080","1","0.2","ppb","0","Portland - SE Lafayette","24","100.0000","42401","Sulfur dioxide","38900","Portland-Vancouver-Hillsboro, OR-WA","41","Oregon","051","Multnomah","45.496641","-122.602877"
"07/13/2020","AQS","410510080","1","0.3","ppb","0","Portland - SE Lafayette","22","92.0000","42401","Sulfur dioxide","38900","Portland-Vancouver-Hillsboro, OR-WA","41","Oregon","051","Multnomah","45.496641","-122.602877"
"07/14/2020","AQS","410510080","1","0.5","ppb","0","Portland - SE Lafayette","24","100.0000","42401","Sulfur dioxide","38900","Portland-Vancouver-Hillsboro, OR-WA","41","Oregon","051","Multnomah","45.496641","-122.602877"
"07/15/2020","AQS","410510080","1","0.4","ppb","0","Portland - SE Lafayette","24","100.0000","42401","Sulfur dioxide","38900","Portland-Vancouver-Hillsboro, OR-WA","41","Oregon","051","Multnomah","45.496641","-122.602877"
"07/16/2020","AQS","410510080","1","0.3","ppb","0","Portland - SE Lafayette","24","100.0000","42401","Sulfur dioxide","38900","Portland-Vancouver-Hillsboro, OR-WA","41","Oregon","051","Multnomah","45.496641","-122.602877"
"07/17/2020","AQS","410510080","1","0.2","ppb","0","Portland - SE Lafayette","24","100.0000","42401","Sulfur dioxide","38900","Portland-Vancouver-Hillsboro, OR-WA","41","Oregon","051","Multnomah","45.496641","-122.602877"
"07/18/2020","AQS","410510080","1","0.4","ppb","0","Portland - SE Lafayette","24","100.0000","42401","Sulfur dioxide","38900","Portland-Vancouver-Hillsboro, OR-WA","41","Oregon","051","Multnomah","45.496641","-122.602877"
"07/19/2020","AQS","410510080","1","1","ppb","1","Portland - SE Lafayette","24","100.0000","42401","Sulfur dioxide","38900","Portland-Vancouver-Hillsboro, OR-WA","41","Oregon","051","Multnomah","45.496641","-122.602877"
"07/20/2020","AQS","410510080","1","0.8","ppb","0","Portland - SE Lafayette","21","88.0000","42401","Sulfur dioxide","38900","Portland-Vancouver-Hillsboro, OR-WA","41","Oregon","051","Multnomah","45.496641","-122.602877"
"07/22/2020","AQS","410510080","1","0.2","ppb","0","Portland - SE Lafayette","24","100.0000","42401","Sulfur dioxide","38900","Portland-Vancouver-Hillsboro, OR-WA","41","Oregon","051","Multnomah","45.496641","-122.602877"
"07/23/2020","AQS","410510080","1","0.1","ppb","0","Portland - SE Lafayette","24","100.0000","42401","Sulfur dioxide","38900","Portland-Vancouver-Hillsboro, OR-WA","41","Oregon","051","Multnomah","45.496641","-122.602877"
"07/24/2020","AQS","410510080","1","0.1","ppb","0","Portland - SE Lafayette","24","100.0000","42401","Sulfur dioxide","38900","Portland-Vancouver-Hillsboro, OR-WA","41","Oregon","051","Multnomah","45.496641","-122.602877"
"07/25/2020","AQS","410510080","1","0.3","ppb","0","Portland - SE Lafayette","24","100.0000","42401","Sulfur dioxide","38900","Portland-Vancouver-Hillsboro, OR-WA","41","Oregon","051","Multnomah","45.496641","-122.602877"
"07/26/2020","AQS","410510080","1","0.7","ppb","0","Portland - SE Lafayette","24","100.0000","42401","Sulfur dioxide","38900","Portland-Vancouver-Hillsboro, OR-WA","41","Oregon","051","Multnomah","45.496641","-122.602877"
"07/27/2020","AQS","410510080","1","0.9","ppb","0","Portland - SE Lafayette","24","100.0000","42401","Sulfur dioxide","38900","Portland-Vancouver-Hillsboro, OR-WA","41","Oregon","051","Multnomah","45.496641","-122.602877"
"07/28/2020","AQS","410510080","1","0.4","ppb","0","Portland - SE Lafayette","22","92.0000","42401","Sulfur dioxide","38900","Portland-Vancouver-Hillsboro, OR-WA","41","Oregon","051","Multnomah","45.496641","-122.602877"
"07/29/2020","AQS","410510080","1","0.5","ppb","0","Portland - SE Lafayette","24","100.0000","42401","Sulfur dioxide","38900","Portland-Vancouver-Hillsboro, OR-WA","41","Oregon","051","Multnomah","45.496641","-122.602877"
"07/30/2020","AQS","410510080","1","0.6","ppb","0","Portland - SE Lafayette","24","100.0000","42401","Sulfur dioxide","38900","Portland-Vancouver-Hillsboro, OR-WA","41","Oregon","051","Multnomah","45.496641","-122.602877"
"07/31/2020","AQS","410510080","1","0.5","ppb","0","Portland - SE Lafayette","24","100.0000","42401","Sulfur dioxide","38900","Portland-Vancouver-Hillsboro, OR-WA","41","Oregon","051","Multnomah","45.496641","-122.602877"
"08/01/2020","AQS","410510080","1","0.2","ppb","0","Portland - SE Lafayette","24","100.0000","42401","Sulfur dioxide","38900","Portland-Vancouver-Hillsboro, OR-WA","41","Oregon","051","Multnomah","45.496641","-122.602877"
"08/02/2020","AQS","410510080","1","0.2","ppb","0","Portland - SE Lafayette","24","100.0000","42401","Sulfur dioxide","38900","Portland-Vancouver-Hillsboro, OR-WA","41","Oregon","051","Multnomah","45.496641","-122.602877"
"08/03/2020","AQS","410510080","1","0.2","ppb","0","Portland - SE Lafayette","24","100.0000","42401","Sulfur dioxide","38900","Portland-Vancouver-Hillsboro, OR-WA","41","Oregon","051","Multnomah","45.496641","-122.602877"
"08/04/2020","AQS","410510080","1","0.3","ppb","0","Portland - SE Lafayette","22","92.0000","42401","Sulfur dioxide","38900","Portland-Vancouver-Hillsboro, OR-WA","41","Oregon","051","Multnomah","45.496641","-122.602877"
"08/05/2020","AQS","410510080","1","0.2","ppb","0","Portland - SE Lafayette","24","100.0000","42401","Sulfur dioxide","38900","Portland-Vancouver-Hillsboro, OR-WA","41","Oregon","051","Multnomah","45.496641","-122.602877"
"08/06/2020","AQS","410510080","1","0.3","ppb","0","Portland - SE Lafayette","18","75.0000","42401","Sulfur dioxide","38900","Portland-Vancouver-Hillsboro, OR-WA","41","Oregon","051","Multnomah","45.496641","-122.602877"
"08/07/2020","AQS","410510080","1","0.3","ppb","0","Portland - SE Lafayette","24","100.0000","42401","Sulfur dioxide","38900","Portland-Vancouver-Hillsboro, OR-WA","41","Oregon","051","Multnomah","45.496641","-122.602877"
"08/08/2020","AQS","410510080","1","0.3","ppb","0","Portland - SE Lafayette","24","100.0000","42401","Sulfur dioxide","38900","Portland-Vancouver-Hillsboro, OR-WA","41","Oregon","051","Multnomah","45.496641","-122.602877"
"08/09/2020","AQS","410510080","1","0.5","ppb","0","Portland - SE Lafayette","24","100.0000","42401","Sulfur dioxide","38900","Portland-Vancouver-Hillsboro, OR-WA","41","Oregon","051","Multnomah","45.496641","-122.602877"
"08/10/2020","AQS","410510080","1","0.6","ppb","0","Portland - SE Lafayette","24","100.0000","42401","Sulfur dioxide","38900","Portland-Vancouver-Hillsboro, OR-WA","41","Oregon","051","Multnomah","45.496641","-122.602877"
"08/11/2020","AQS","410510080","1","0.2","ppb","0","Portland - SE Lafayette","22","92.0000","42401","Sulfur dioxide","38900","Portland-Vancouver-Hillsboro, OR-WA","41","Oregon","051","Multnomah","45.496641","-122.602877"
"08/12/2020","AQS","410510080","1","0.2","ppb","0","Portland - SE Lafayette","24","100.0000","42401","Sulfur dioxide","38900","Portland-Vancouver-Hillsboro, OR-WA","41","Oregon","051","Multnomah","45.496641","-122.602877"
"08/13/2020","AQS","410510080","1","0.4","ppb","0","Portland - SE Lafayette","23","96.0000","42401","Sulfur dioxide","38900","Portland-Vancouver-Hillsboro, OR-WA","41","Oregon","051","Multnomah","45.496641","-122.602877"
"08/14/2020","AQS","410510080","1","0.6","ppb","0","Portland - SE Lafayette","24","100.0000","42401","Sulfur dioxide","38900","Portland-Vancouver-Hillsboro, OR-WA","41","Oregon","051","Multnomah","45.496641","-122.602877"
"08/15/2020","AQS","410510080","1","0.8","ppb","0","Portland - SE Lafayette","24","100.0000","42401","Sulfur dioxide","38900","Portland-Vancouver-Hillsboro, OR-WA","41","Oregon","051","Multnomah","45.496641","-122.602877"
"08/16/2020","AQS","410510080","1","0.7","ppb","0","Portland - SE Lafayette","24","100.0000","42401","Sulfur dioxide","38900","Portland-Vancouver-Hillsboro, OR-WA","41","Oregon","051","Multnomah","45.496641","-122.602877"
"08/17/2020","AQS","410510080","1","0.6","ppb","0","Portland - SE Lafayette","24","100.0000","42401","Sulfur dioxide","38900","Portland-Vancouver-Hillsboro, OR-WA","41","Oregon","051","Multnomah","45.496641","-122.602877"
"08/18/2020","AQS","410510080","1","0.3","ppb","0","Portland - SE Lafayette","22","92.0000","42401","Sulfur dioxide","38900","Portland-Vancouver-Hillsboro, OR-WA","41","Oregon","051","Multnomah","45.496641","-122.602877"
"08/19/2020","AQS","410510080","1","0.7","ppb","0","Portland - SE Lafayette","24","100.0000","42401","Sulfur dioxide","38900","Portland-Vancouver-Hillsboro, OR-WA","41","Oregon","051","Multnomah","45.496641","-122.602877"
"08/20/2020","AQS","410510080","1","0.2","ppb","0","Portland - SE Lafayette","24","100.0000","42401","Sulfur dioxide","38900","Portland-Vancouver-Hillsboro, OR-WA","41","Oregon","051","Multnomah","45.496641","-122.602877"
"08/21/2020","AQS","410510080","1","0.2","ppb","0","Portland - SE Lafayette","23","96.0000","42401","Sulfur dioxide","38900","Portland-Vancouver-Hillsboro, OR-WA","41","Oregon","051","Multnomah","45.496641","-122.602877"
"08/22/2020","AQS","410510080","1","0.4","ppb","0","Portland - SE Lafayette","24","100.0000","42401","Sulfur dioxide","38900","Portland-Vancouver-Hillsboro, OR-WA","41","Oregon","051","Multnomah","45.496641","-122.602877"
"08/23/2020","AQS","410510080","1","0.5","ppb","0","Portland - SE Lafayette","24","100.0000","42401","Sulfur dioxide","38900","Portland-Vancouver-Hillsboro, OR-WA","41","Oregon","051","Multnomah","45.496641","-122.602877"
"08/24/2020","AQS","410510080","1","0.3","ppb","0","Portland - SE Lafayette","24","100.0000","42401","Sulfur dioxide","38900","Portland-Vancouver-Hillsboro, OR-WA","41","Oregon","051","Multnomah","45.496641","-122.602877"
"08/25/2020","AQS","410510080","1","0.4","ppb","0","Portland - SE Lafayette","22","92.0000","42401","Sulfur dioxide","38900","Portland-Vancouver-Hillsboro, OR-WA","41","Oregon","051","Multnomah","45.496641","-122.602877"
"08/26/2020","AQS","410510080","1","0.4","ppb","0","Portland - SE Lafayette","24","100.0000","42401","Sulfur dioxide","38900","Portland-Vancouver-Hillsboro, OR-WA","41","Oregon","051","Multnomah","45.496641","-122.602877"
"08/27/2020","AQS","410510080","1","0.4","ppb","0","Portland - SE Lafayette","24","100.0000","42401","Sulfur dioxide","38900","Portland-Vancouver-Hillsboro, OR-WA","41","Oregon","051","Multnomah","45.496641","-122.602877"
"08/28/2020","AQS","410510080","1","0.4","ppb","0","Portland - SE Lafayette","24","100.0000","42401","Sulfur dioxide","38900","Portland-Vancouver-Hillsboro, OR-WA","41","Oregon","051","Multnomah","45.496641","-122.602877"
"08/29/2020","AQS","410510080","1","0.3","ppb","0","Portland - SE Lafayette","24","100.0000","42401","Sulfur dioxide","38900","Portland-Vancouver-Hillsboro, OR-WA","41","Oregon","051","Multnomah","45.496641","-122.602877"
"08/30/2020","AQS","410510080","1","0.3","ppb","0","Portland - SE Lafayette","24","100.0000","42401","Sulfur dioxide","38900","Portland-Vancouver-Hillsboro, OR-WA","41","Oregon","051","Multnomah","45.496641","-122.602877"
"08/31/2020","AQS","410510080","1","1","ppb","1","Portland - SE Lafayette","24","100.0000","42401","Sulfur dioxide","38900","Portland-Vancouver-Hillsboro, OR-WA","41","Oregon","051","Multnomah","45.496641","-122.602877"
"09/01/2020","AQS","410510080","1","0.7","ppb","0","Portland - SE Lafayette","22","92.0000","42401","Sulfur dioxide","38900","Portland-Vancouver-Hillsboro, OR-WA","41","Oregon","051","Multnomah","45.496641","-122.602877"
"09/02/2020","AQS","410510080","1","1","ppb","1","Portland - SE Lafayette","24","100.0000","42401","Sulfur dioxide","38900","Portland-Vancouver-Hillsboro, OR-WA","41","Oregon","051","Multnomah","45.496641","-122.602877"
"09/03/2020","AQS","410510080","1","0.9","ppb","0","Portland - SE Lafayette","24","100.0000","42401","Sulfur dioxide","38900","Portland-Vancouver-Hillsboro, OR-WA","41","Oregon","051","Multnomah","45.496641","-122.602877"
"09/04/2020","AQS","410510080","1","0.8","ppb","0","Portland - SE Lafayette","24","100.0000","42401","Sulfur dioxide","38900","Portland-Vancouver-Hillsboro, OR-WA","41","Oregon","051","Multnomah","45.496641","-122.602877"
"09/05/2020","AQS","410510080","1","0.4","ppb","0","Portland - SE Lafayette","24","100.0000","42401","Sulfur dioxide","38900","Portland-Vancouver-Hillsboro, OR-WA","41","Oregon","051","Multnomah","45.496641","-122.602877"
"09/06/2020","AQS","410510080","1","3","ppb","4","Portland - SE Lafayette","24","100.0000","42401","Sulfur dioxide","38900","Portland-Vancouver-Hillsboro, OR-WA","41","Oregon","051","Multnomah","45.496641","-122.602877"
"09/07/2020","AQS","410510080","1","0.8","ppb","0","Portland - SE Lafayette","24","100.0000","42401","Sulfur dioxide","38900","Portland-Vancouver-Hillsboro, OR-WA","41","Oregon","051","Multnomah","45.496641","-122.602877"
"09/08/2020","AQS","410510080","1","0.2","ppb","0","Portland - SE Lafayette","22","92.0000","42401","Sulfur dioxide","38900","Portland-Vancouver-Hillsboro, OR-WA","41","Oregon","051","Multnomah","45.496641","-122.602877"
"09/09/2020","AQS","410510080","1","0.5","ppb","0","Portland - SE Lafayette","24","100.0000","42401","Sulfur dioxide","38900","Portland-Vancouver-Hillsboro, OR-WA","41","Oregon","051","Multnomah","45.496641","-122.602877"
"09/10/2020","AQS","410510080","1","1.1","ppb","1","Portland - SE Lafayette","23","96.0000","42401","Sulfur dioxide","38900","Portland-Vancouver-Hillsboro, OR-WA","41","Oregon","051","Multnomah","45.496641","-122.602877"
"09/11/2020","AQS","410510080","1","1.7","ppb","1","Portland - SE Lafayette","24","100.0000","42401","Sulfur dioxide","38900","Portland-Vancouver-Hillsboro, OR-WA","41","Oregon","051","Multnomah","45.496641","-122.602877"
"09/12/2020","AQS","410510080","1","1.8","ppb","1","Portland - SE Lafayette","22","92.0000","42401","Sulfur dioxide","38900","Portland-Vancouver-Hillsboro, OR-WA","41","Oregon","051","Multnomah","45.496641","-122.602877"
"09/13/2020","AQS","410510080","1","1.6","ppb","1","Portland - SE Lafayette","24","100.0000","42401","Sulfur dioxide","38900","Portland-Vancouver-Hillsboro, OR-WA","41","Oregon","051","Multnomah","45.496641","-122.602877"
"09/14/2020","AQS","410510080","1","1.7","ppb","1","Portland - SE Lafayette","24","100.0000","42401","Sulfur dioxide","38900","Portland-Vancouver-Hillsboro, OR-WA","41","Oregon","051","Multnomah","45.496641","-122.602877"
"09/19/2020","AQS","410510080","1","0.3","ppb","0","Portland - SE Lafayette","22","92.0000","42401","Sulfur dioxide","38900","Portland-Vancouver-Hillsboro, OR-WA","41","Oregon","051","Multnomah","45.496641","-122.602877"
"09/20/2020","AQS","410510080","1","0.8","ppb","0","Portland - SE Lafayette","24","100.0000","42401","Sulfur dioxide","38900","Portland-Vancouver-Hillsboro, OR-WA","41","Oregon","051","Multnomah","45.496641","-122.602877"
"09/21/2020","AQS","410510080","1","0.8","ppb","0","Portland - SE Lafayette","24","100.0000","42401","Sulfur dioxide","38900","Portland-Vancouver-Hillsboro, OR-WA","41","Oregon","051","Multnomah","45.496641","-122.602877"
"09/22/2020","AQS","410510080","1","0.2","ppb","0","Portland - SE Lafayette","22","92.0000","42401","Sulfur dioxide","38900","Portland-Vancouver-Hillsboro, OR-WA","41","Oregon","051","Multnomah","45.496641","-122.602877"
"09/23/2020","AQS","410510080","1","0.3","ppb","0","Portland - SE Lafayette","24","100.0000","42401","Sulfur dioxide","38900","Portland-Vancouver-Hillsboro, OR-WA","41","Oregon","051","Multnomah","45.496641","-122.602877"
"09/24/2020","AQS","410510080","1","0.2","ppb","0","Portland - SE Lafayette","24","100.0000","42401","Sulfur dioxide","38900","Portland-Vancouver-Hillsboro, OR-WA","41","Oregon","051","Multnomah","45.496641","-122.602877"
"09/25/2020","AQS","410510080","1","0.2","ppb","0","Portland - SE Lafayette","24","100.0000","42401","Sulfur dioxide","38900","Portland-Vancouver-Hillsboro, OR-WA","41","Oregon","051","Multnomah","45.496641","-122.602877"
"09/26/2020","AQS","410510080","1","0.4","ppb","0","Portland - SE Lafayette","22","92.0000","42401","Sulfur dioxide","38900","Portland-Vancouver-Hillsboro, OR-WA","41","Oregon","051","Multnomah","45.496641","-122.602877"
"09/27/2020","AQS","410510080","1","0.5","ppb","0","Portland - SE Lafayette","24","100.0000","42401","Sulfur dioxide","38900","Portland-Vancouver-Hillsboro, OR-WA","41","Oregon","051","Multnomah","45.496641","-122.602877"
"09/28/2020","AQS","410510080","1","0.9","ppb","0","Portland - SE Lafayette","20","83.0000","42401","Sulfur dioxide","38900","Portland-Vancouver-Hillsboro, OR-WA","41","Oregon","051","Multnomah","45.496641","-122.602877"
"09/29/2020","AQS","410510080","1","0.9","ppb","0","Portland - SE Lafayette","24","100.0000","42401","Sulfur dioxide","38900","Portland-Vancouver-Hillsboro, OR-WA","41","Oregon","051","Multnomah","45.496641","-122.602877"
"09/30/2020","AQS","410510080","1","1","ppb","1","Portland - SE Lafayette","24","100.0000","42401","Sulfur dioxide","38900","Portland-Vancouver-Hillsboro, OR-WA","41","Oregon","051","Multnomah","45.496641","-122.602877"
"10/01/2020","AQS","410510080","1","1.2","ppb","1","Portland - SE Lafayette","24","100.0000","42401","Sulfur dioxide","38900","Portland-Vancouver-Hillsboro, OR-WA","41","Oregon","051","Multnomah","45.496641","-122.602877"
"10/02/2020","AQS","410510080","1","1.1","ppb","1","Portland - SE Lafayette","24","100.0000","42401","Sulfur dioxide","38900","Portland-Vancouver-Hillsboro, OR-WA","41","Oregon","051","Multnomah","45.496641","-122.602877"
"10/03/2020","AQS","410510080","1","0.4","ppb","0","Portland - SE Lafayette","22","92.0000","42401","Sulfur dioxide","38900","Portland-Vancouver-Hillsboro, OR-WA","41","Oregon","051","Multnomah","45.496641","-122.602877"
"10/04/2020","AQS","410510080","1","0.2","ppb","0","Portland - SE Lafayette","24","100.0000","42401","Sulfur dioxide","38900","Portland-Vancouver-Hillsboro, OR-WA","41","Oregon","051","Multnomah","45.496641","-122.602877"
"10/05/2020","AQS","410510080","1","0.5","ppb","0","Portland - SE Lafayette","22","92.0000","42401","Sulfur dioxide","38900","Portland-Vancouver-Hillsboro, OR-WA","41","Oregon","051","Multnomah","45.496641","-122.602877"
"10/06/2020","AQS","410510080","1","0.9","ppb","0","Portland - SE Lafayette","24","100.0000","42401","Sulfur dioxide","38900","Portland-Vancouver-Hillsboro, OR-WA","41","Oregon","051","Multnomah","45.496641","-122.602877"
"10/07/2020","AQS","410510080","1","1.4","ppb","1","Portland - SE Lafayette","24","100.0000","42401","Sulfur dioxide","38900","Portland-Vancouver-Hillsboro, OR-WA","41","Oregon","051","Multnomah","45.496641","-122.602877"
"10/08/2020","AQS","410510080","1","0.3","ppb","0","Portland - SE Lafayette","24","100.0000","42401","Sulfur dioxide","38900","Portland-Vancouver-Hillsboro, OR-WA","41","Oregon","051","Multnomah","45.496641","-122.602877"
"10/09/2020","AQS","410510080","1","0.7","ppb","0","Portland - SE Lafayette","24","100.0000","42401","Sulfur dioxide","38900","Portland-Vancouver-Hillsboro, OR-WA","41","Oregon","051","Multnomah","45.496641","-122.602877"
"10/10/2020","AQS","410510080","1","0.2","ppb","0","Portland - SE Lafayette","22","92.0000","42401","Sulfur dioxide","38900","Portland-Vancouver-Hillsboro, OR-WA","41","Oregon","051","Multnomah","45.496641","-122.602877"
"10/11/2020","AQS","410510080","1","0.2","ppb","0","Portland - SE Lafayette","24","100.0000","42401","Sulfur dioxide","38900","Portland-Vancouver-Hillsboro, OR-WA","41","Oregon","051","Multnomah","45.496641","-122.602877"
"10/12/2020","AQS","410510080","1","0.3","ppb","0","Portland - SE Lafayette","22","92.0000","42401","Sulfur dioxide","38900","Portland-Vancouver-Hillsboro, OR-WA","41","Oregon","051","Multnomah","45.496641","-122.602877"
"10/13/2020","AQS","410510080","1","0.2","ppb","0","Portland - SE Lafayette","24","100.0000","42401","Sulfur dioxide","38900","Portland-Vancouver-Hillsboro, OR-WA","41","Oregon","051","Multnomah","45.496641","-122.602877"
"10/14/2020","AQS","410510080","1","0.7","ppb","0","Portland - SE Lafayette","24","100.0000","42401","Sulfur dioxide","38900","Portland-Vancouver-Hillsboro, OR-WA","41","Oregon","051","Multnomah","45.496641","-122.602877"
"10/15/2020","AQS","410510080","1","1.5","ppb","1","Portland - SE Lafayette","24","100.0000","42401","Sulfur dioxide","38900","Portland-Vancouver-Hillsboro, OR-WA","41","Oregon","051","Multnomah","45.496641","-122.602877"
"10/16/2020","AQS","410510080","1","1.6","ppb","1","Portland - SE Lafayette","24","100.0000","42401","Sulfur dioxide","38900","Portland-Vancouver-Hillsboro, OR-WA","41","Oregon","051","Multnomah","45.496641","-122.602877"
"10/17/2020","AQS","410510080","1","0.5","ppb","0","Portland - SE Lafayette","24","100.0000","42401","Sulfur dioxide","38900","Portland-Vancouver-Hillsboro, OR-WA","41","Oregon","051","Multnomah","45.496641","-122.602877"
"10/18/2020","AQS","410510080","1","0.3","ppb","0","Portland - SE Lafayette","24","100.0000","42401","Sulfur dioxide","38900","Portland-Vancouver-Hillsboro, OR-WA","41","Oregon","051","Multnomah","45.496641","-122.602877"
"10/19/2020","AQS","410510080","1","0.3","ppb","0","Portland - SE Lafayette","22","92.0000","42401","Sulfur dioxide","38900","Portland-Vancouver-Hillsboro, OR-WA","41","Oregon","051","Multnomah","45.496641","-122.602877"
"10/20/2020","AQS","410510080","1","0.7","ppb","0","Portland - SE Lafayette","24","100.0000","42401","Sulfur dioxide","38900","Portland-Vancouver-Hillsboro, OR-WA","41","Oregon","051","Multnomah","45.496641","-122.602877"
"10/21/2020","AQS","410510080","1","0.7","ppb","0","Portland - SE Lafayette","24","100.0000","42401","Sulfur dioxide","38900","Portland-Vancouver-Hillsboro, OR-WA","41","Oregon","051","Multnomah","45.496641","-122.602877"
"10/22/2020","AQS","410510080","1","1.2","ppb","1","Portland - SE Lafayette","22","92.0000","42401","Sulfur dioxide","38900","Portland-Vancouver-Hillsboro, OR-WA","41","Oregon","051","Multnomah","45.496641","-122.602877"
"10/23/2020","AQS","410510080","1","0.8","ppb","0","Portland - SE Lafayette","24","100.0000","42401","Sulfur dioxide","38900","Portland-Vancouver-Hillsboro, OR-WA","41","Oregon","051","Multnomah","45.496641","-122.602877"
"10/24/2020","AQS","410510080","1","0.3","ppb","0","Portland - SE Lafayette","24","100.0000","42401","Sulfur dioxide","38900","Portland-Vancouver-Hillsboro, OR-WA","41","Oregon","051","Multnomah","45.496641","-122.602877"
"10/25/2020","AQS","410510080","1","0.2","ppb","0","Portland - SE Lafayette","24","100.0000","42401","Sulfur dioxide","38900","Portland-Vancouver-Hillsboro, OR-WA","41","Oregon","051","Multnomah","45.496641","-122.602877"
"10/26/2020","AQS","410510080","1","1.4","ppb","1","Portland - SE Lafayette","22","92.0000","42401","Sulfur dioxide","38900","Portland-Vancouver-Hillsboro, OR-WA","41","Oregon","051","Multnomah","45.496641","-122.602877"
"10/27/2020","AQS","410510080","1","2.9","ppb","3","Portland - SE Lafayette","24","100.0000","42401","Sulfur dioxide","38900","Portland-Vancouver-Hillsboro, OR-WA","41","Oregon","051","Multnomah","45.496641","-122.602877"
"10/28/2020","AQS","410510080","1","2","ppb","3","Portland - SE Lafayette","24","100.0000","42401","Sulfur dioxide","38900","Portland-Vancouver-Hillsboro, OR-WA","41","Oregon","051","Multnomah","45.496641","-122.602877"
"10/29/2020","AQS","410510080","1","2","ppb","3","Portland - SE Lafayette","24","100.0000","42401","Sulfur dioxide","38900","Portland-Vancouver-Hillsboro, OR-WA","41","Oregon","051","Multnomah","45.496641","-122.602877"
"10/30/2020","AQS","410510080","1","0.7","ppb","0","Portland - SE Lafayette","24","100.0000","42401","Sulfur dioxide","38900","Portland-Vancouver-Hillsboro, OR-WA","41","Oregon","051","Multnomah","45.496641","-122.602877"
"10/31/2020","AQS","410510080","1","1.2","ppb","1","Portland - SE Lafayette","24","100.0000","42401","Sulfur dioxide","38900","Portland-Vancouver-Hillsboro, OR-WA","41","Oregon","051","Multnomah","45.496641","-122.602877"
"11/01/2020","AQS","410510080","1","0.4","ppb","0","Portland - SE Lafayette","24","100.0000","42401","Sulfur dioxide","38900","Portland-Vancouver-Hillsboro, OR-WA","41","Oregon","051","Multnomah","45.496641","-122.602877"
"11/02/2020","AQS","410510080","1","2","ppb","3","Portland - SE Lafayette","22","92.0000","42401","Sulfur dioxide","38900","Portland-Vancouver-Hillsboro, OR-WA","41","Oregon","051","Multnomah","45.496641","-122.602877"
"11/03/2020","AQS","410510080","1","1.8","ppb","1","Portland - SE Lafayette","23","96.0000","42401","Sulfur dioxide","38900","Portland-Vancouver-Hillsboro, OR-WA","41","Oregon","051","Multnomah","45.496641","-122.602877"
"11/04/2020","AQS","410510080","1","0.2","ppb","0","Portland - SE Lafayette","24","100.0000","42401","Sulfur dioxide","38900","Portland-Vancouver-Hillsboro, OR-WA","41","Oregon","051","Multnomah","45.496641","-122.602877"
"11/05/2020","AQS","410510080","1","0.3","ppb","0","Portland - SE Lafayette","22","92.0000","42401","Sulfur dioxide","38900","Portland-Vancouver-Hillsboro, OR-WA","41","Oregon","051","Multnomah","45.496641","-122.602877"
"11/06/2020","AQS","410510080","1","0.4","ppb","0","Portland - SE Lafayette","24","100.0000","42401","Sulfur dioxide","38900","Portland-Vancouver-Hillsboro, OR-WA","41","Oregon","051","Multnomah","45.496641","-122.602877"
"11/07/2020","AQS","410510080","1","0.8","ppb","0","Portland - SE Lafayette","24","100.0000","42401","Sulfur dioxide","38900","Portland-Vancouver-Hillsboro, OR-WA","41","Oregon","051","Multnomah","45.496641","-122.602877"
"11/08/2020","AQS","410510080","1","1.8","ppb","1","Portland - SE Lafayette","24","100.0000","42401","Sulfur dioxide","38900","Portland-Vancouver-Hillsboro, OR-WA","41","Oregon","051","Multnomah","45.496641","-122.602877"
"11/09/2020","AQS","410510080","1","2","ppb","3","Portland - SE Lafayette","22","92.0000","42401","Sulfur dioxide","38900","Portland-Vancouver-Hillsboro, OR-WA","41","Oregon","051","Multnomah","45.496641","-122.602877"
"11/10/2020","AQS","410510080","1","0.3","ppb","0","Portland - SE Lafayette","24","100.0000","42401","Sulfur dioxide","38900","Portland-Vancouver-Hillsboro, OR-WA","41","Oregon","051","Multnomah","45.496641","-122.602877"
"11/11/2020","AQS","410510080","1","1.8","ppb","1","Portland - SE Lafayette","24","100.0000","42401","Sulfur dioxide","38900","Portland-Vancouver-Hillsboro, OR-WA","41","Oregon","051","Multnomah","45.496641","-122.602877"
"11/12/2020","AQS","410510080","1","1.9","ppb","1","Portland - SE Lafayette","22","92.0000","42401","Sulfur dioxide","38900","Portland-Vancouver-Hillsboro, OR-WA","41","Oregon","051","Multnomah","45.496641","-122.602877"
"11/13/2020","AQS","410510080","1","0.3","ppb","0","Portland - SE Lafayette","24","100.0000","42401","Sulfur dioxide","38900","Portland-Vancouver-Hillsboro, OR-WA","41","Oregon","051","Multnomah","45.496641","-122.602877"
"11/14/2020","AQS","410510080","1","0.2","ppb","0","Portland - SE Lafayette","24","100.0000","42401","Sulfur dioxide","38900","Portland-Vancouver-Hillsboro, OR-WA","41","Oregon","051","Multnomah","45.496641","-122.602877"
"11/15/2020","AQS","410510080","1","0.5","ppb","0","Portland - SE Lafayette","24","100.0000","42401","Sulfur dioxide","38900","Portland-Vancouver-Hillsboro, OR-WA","41","Oregon","051","Multnomah","45.496641","-122.602877"
"11/16/2020","AQS","410510080","1","0.3","ppb","0","Portland - SE Lafayette","22","92.0000","42401","Sulfur dioxide","38900","Portland-Vancouver-Hillsboro, OR-WA","41","Oregon","051","Multnomah","45.496641","-122.602877"
"11/17/2020","AQS","410510080","1","0.5","ppb","0","Portland - SE Lafayette","24","100.0000","42401","Sulfur dioxide","38900","Portland-Vancouver-Hillsboro, OR-WA","41","Oregon","051","Multnomah","45.496641","-122.602877"
"11/18/2020","AQS","410510080","1","0.3","ppb","0","Portland - SE Lafayette","24","100.0000","42401","Sulfur dioxide","38900","Portland-Vancouver-Hillsboro, OR-WA","41","Oregon","051","Multnomah","45.496641","-122.602877"
"11/19/2020","AQS","410510080","1","0.4","ppb","0","Portland - SE Lafayette","22","92.0000","42401","Sulfur dioxide","38900","Portland-Vancouver-Hillsboro, OR-WA","41","Oregon","051","Multnomah","45.496641","-122.602877"
"11/20/2020","AQS","410510080","1","1.8","ppb","1","Portland - SE Lafayette","24","100.0000","42401","Sulfur dioxide","38900","Portland-Vancouver-Hillsboro, OR-WA","41","Oregon","051","Multnomah","45.496641","-122.602877"
"11/21/2020","AQS","410510080","1","0.7","ppb","0","Portland - SE Lafayette","24","100.0000","42401","Sulfur dioxide","38900","Portland-Vancouver-Hillsboro, OR-WA","41","Oregon","051","Multnomah","45.496641","-122.602877"
"11/22/2020","AQS","410510080","1","0.5","ppb","0","Portland - SE Lafayette","24","100.0000","42401","Sulfur dioxide","38900","Portland-Vancouver-Hillsboro, OR-WA","41","Oregon","051","Multnomah","45.496641","-122.602877"
"11/23/2020","AQS","410510080","1","0.4","ppb","0","Portland - SE Lafayette","22","92.0000","42401","Sulfur dioxide","38900","Portland-Vancouver-Hillsboro, OR-WA","41","Oregon","051","Multnomah","45.496641","-122.602877"
"11/24/2020","AQS","410510080","1","0.6","ppb","0","Portland - SE Lafayette","24","100.0000","42401","Sulfur dioxide","38900","Portland-Vancouver-Hillsboro, OR-WA","41","Oregon","051","Multnomah","45.496641","-122.602877"
"11/25/2020","AQS","410510080","1","0.2","ppb","0","Portland - SE Lafayette","24","100.0000","42401","Sulfur dioxide","38900","Portland-Vancouver-Hillsboro, OR-WA","41","Oregon","051","Multnomah","45.496641","-122.602877"
"11/26/2020","AQS","410510080","1","0.9","ppb","0","Portland - SE Lafayette","22","92.0000","42401","Sulfur dioxide","38900","Portland-Vancouver-Hillsboro, OR-WA","41","Oregon","051","Multnomah","45.496641","-122.602877"
"11/27/2020","AQS","410510080","1","1.9","ppb","1","Portland - SE Lafayette","24","100.0000","42401","Sulfur dioxide","38900","Portland-Vancouver-Hillsboro, OR-WA","41","Oregon","051","Multnomah","45.496641","-122.602877"
"11/28/2020","AQS","410510080","1","0.4","ppb","0","Portland - SE Lafayette","24","100.0000","42401","Sulfur dioxide","38900","Portland-Vancouver-Hillsboro, OR-WA","41","Oregon","051","Multnomah","45.496641","-122.602877"
"11/29/2020","AQS","410510080","1","0.3","ppb","0","Portland - SE Lafayette","24","100.0000","42401","Sulfur dioxide","38900","Portland-Vancouver-Hillsboro, OR-WA","41","Oregon","051","Multnomah","45.496641","-122.602877"
"11/30/2020","AQS","410510080","1","1.4","ppb","1","Portland - SE Lafayette","22","92.0000","42401","Sulfur dioxide","38900","Portland-Vancouver-Hillsboro, OR-WA","41","Oregon","051","Multnomah","45.496641","-122.602877"
"12/01/2020","AQS","410510080","1","1.8","ppb","1","Portland - SE Lafayette","24","100.0000","42401","Sulfur dioxide","38900","Portland-Vancouver-Hillsboro, OR-WA","41","Oregon","051","Multnomah","45.496641","-122.602877"
"12/02/2020","AQS","410510080","1","0.2","ppb","0","Portland - SE Lafayette","24","100.0000","42401","Sulfur dioxide","38900","Portland-Vancouver-Hillsboro, OR-WA","41","Oregon","051","Multnomah","45.496641","-122.602877"
"12/03/2020","AQS","410510080","1","0.3","ppb","0","Portland - SE Lafayette","24","100.0000","42401","Sulfur dioxide","38900","Portland-Vancouver-Hillsboro, OR-WA","41","Oregon","051","Multnomah","45.496641","-122.602877"
"12/04/2020","AQS","410510080","1","1.4","ppb","1","Portland - SE Lafayette","24","100.0000","42401","Sulfur dioxide","38900","Portland-Vancouver-Hillsboro, OR-WA","41","Oregon","051","Multnomah","45.496641","-122.602877"
"12/05/2020","AQS","410510080","1","0.2","ppb","0","Portland - SE Lafayette","24","100.0000","42401","Sulfur dioxide","38900","Portland-Vancouver-Hillsboro, OR-WA","41","Oregon","051","Multnomah","45.496641","-122.602877"
"12/06/2020","AQS","410510080","1","0.4","ppb","0","Portland - SE Lafayette","24","100.0000","42401","Sulfur dioxide","38900","Portland-Vancouver-Hillsboro, OR-WA","41","Oregon","051","Multnomah","45.496641","-122.602877"
"12/07/2020","AQS","410510080","1","0.7","ppb","0","Portland - SE Lafayette","22","92.0000","42401","Sulfur dioxide","38900","Portland-Vancouver-Hillsboro, OR-WA","41","Oregon","051","Multnomah","45.496641","-122.602877"
"12/08/2020","AQS","410510080","1","1.8","ppb","1","Portland - SE Lafayette","20","83.0000","42401","Sulfur dioxide","38900","Portland-Vancouver-Hillsboro, OR-WA","41","Oregon","051","Multnomah","45.496641","-122.602877"
"12/09/2020","AQS","410510080","1","2.2","ppb","3","Portland - SE Lafayette","22","92.0000","42401","Sulfur dioxide","38900","Portland-Vancouver-Hillsboro, OR-WA","41","Oregon","051","Multnomah","45.496641","-122.602877"
"12/10/2020","AQS","410510080","1","0.8","ppb","0","Portland - SE Lafayette","24","100.0000","42401","Sulfur dioxide","38900","Portland-Vancouver-Hillsboro, OR-WA","41","Oregon","051","Multnomah","45.496641","-122.602877"
"12/11/2020","AQS","410510080","1","0.4","ppb","0","Portland - SE Lafayette","24","100.0000","42401","Sulfur dioxide","38900","Portland-Vancouver-Hillsboro, OR-WA","41","Oregon","051","Multnomah","45.496641","-122.602877"
"12/12/2020","AQS","410510080","1","0.3","ppb","0","Portland - SE Lafayette","24","100.0000","42401","Sulfur dioxide","38900","Portland-Vancouver-Hillsboro, OR-WA","41","Oregon","051","Multnomah","45.496641","-122.602877"
"12/13/2020","AQS","410510080","1","0.4","ppb","0","Portland - SE Lafayette","23","96.0000","42401","Sulfur dioxide","38900","Portland-Vancouver-Hillsboro, OR-WA","41","Oregon","051","Multnomah","45.496641","-122.602877"
"12/14/2020","AQS","410510080","1","0.6","ppb","0","Portland - SE Lafayette","22","92.0000","42401","Sulfur dioxide","38900","Portland-Vancouver-Hillsboro, OR-WA","41","Oregon","051","Multnomah","45.496641","-122.602877"
"12/15/2020","AQS","410510080","1","0.3","ppb","0","Portland - SE Lafayette","24","100.0000","42401","Sulfur dioxide","38900","Portland-Vancouver-Hillsboro, OR-WA","41","Oregon","051","Multnomah","45.496641","-122.602877"
"12/16/2020","AQS","410510080","1","0.7","ppb","0","Portland - SE Lafayette","24","100.0000","42401","Sulfur dioxide","38900","Portland-Vancouver-Hillsboro, OR-WA","41","Oregon","051","Multnomah","45.496641","-122.602877"
"12/17/2020","AQS","410510080","1","1","ppb","1","Portland - SE Lafayette","24","100.0000","42401","Sulfur dioxide","38900","Portland-Vancouver-Hillsboro, OR-WA","41","Oregon","051","Multnomah","45.496641","-122.602877"
"12/18/2020","AQS","410510080","1","0.3","ppb","0","Portland - SE Lafayette","24","100.0000","42401","Sulfur dioxide","38900","Portland-Vancouver-Hillsboro, OR-WA","41","Oregon","051","Multnomah","45.496641","-122.602877"
"12/19/2020","AQS","410510080","1","0.2","ppb","0","Portland - SE Lafayette","24","100.0000","42401","Sulfur dioxide","38900","Portland-Vancouver-Hillsboro, OR-WA","41","Oregon","051","Multnomah","45.496641","-122.602877"
"12/20/2020","AQS","410510080","1","0.3","ppb","0","Portland - SE Lafayette","24","100.0000","42401","Sulfur dioxide","38900","Portland-Vancouver-Hillsboro, OR-WA","41","Oregon","051","Multnomah","45.496641","-122.602877"
"12/21/2020","AQS","410510080","1","0.3","ppb","0","Portland - SE Lafayette","22","92.0000","42401","Sulfur dioxide","38900","Portland-Vancouver-Hillsboro, OR-WA","41","Oregon","051","Multnomah","45.496641","-122.602877"
"12/22/2020","AQS","410510080","1","1.3","ppb","1","Portland - SE Lafayette","24","100.0000","42401","Sulfur dioxide","38900","Portland-Vancouver-Hillsboro, OR-WA","41","Oregon","051","Multnomah","45.496641","-122.602877"
"12/23/2020","AQS","410510080","1","1.3","ppb","1","Portland - SE Lafayette","24","100.0000","42401","Sulfur dioxide","38900","Portland-Vancouver-Hillsboro, OR-WA","41","Oregon","051","Multnomah","45.496641","-122.602877"
"12/24/2020","AQS","410510080","1","0.6","ppb","0","Portland - SE Lafayette","24","100.0000","42401","Sulfur dioxide","38900","Portland-Vancouver-Hillsboro, OR-WA","41","Oregon","051","Multnomah","45.496641","-122.602877"
"12/25/2020","AQS","410510080","1","0.3","ppb","0","Portland - SE Lafayette","24","100.0000","42401","Sulfur dioxide","38900","Portland-Vancouver-Hillsboro, OR-WA","41","Oregon","051","Multnomah","45.496641","-122.602877"
"12/26/2020","AQS","410510080","1","0.2","ppb","0","Portland - SE Lafayette","24","100.0000","42401","Sulfur dioxide","38900","Portland-Vancouver-Hillsboro, OR-WA","41","Oregon","051","Multnomah","45.496641","-122.602877"
"12/27/2020","AQS","410510080","1","0.3","ppb","0","Portland - SE Lafayette","24","100.0000","42401","Sulfur dioxide","38900","Portland-Vancouver-Hillsboro, OR-WA","41","Oregon","051","Multnomah","45.496641","-122.602877"
"12/28/2020","AQS","410510080","1","0.4","ppb","0","Portland - SE Lafayette","22","92.0000","42401","Sulfur dioxide","38900","Portland-Vancouver-Hillsboro, OR-WA","41","Oregon","051","Multnomah","45.496641","-122.602877"
"12/29/2020","AQS","410510080","1","1","ppb","1","Portland - SE Lafayette","20","83.0000","42401","Sulfur dioxide","38900","Portland-Vancouver-Hillsboro, OR-WA","41","Oregon","051","Multnomah","45.496641","-122.602877"
"12/30/2020","AQS","410510080","1","0.8","ppb","0","Portland - SE Lafayette","24","100.0000","42401","Sulfur dioxide","38900","Portland-Vancouver-Hillsboro, OR-WA","41","Oregon","051","Multnomah","45.496641","-122.602877"
"12/31/2020","AQS","410510080","1","0.3","ppb","0","Portland - SE Lafayette","24","100.0000","42401","Sulfur dioxide","38900","Portland-Vancouver-Hillsboro, OR-WA","41","Oregon","051","Multnomah","45.496641","-122.602877"
"01/01/2020","AQS","410512011","1","0.4","ppb","0","Portland Cully Helensview School (PCH)","24","100.0000","42401","Sulfur dioxide","38900","Portland-Vancouver-Hillsboro, OR-WA","41","Oregon","051","Multnomah","45.562500000943","-122.575278"
"01/02/2020","AQS","410512011","1","0.1","ppb","0","Portland Cully Helensview School (PCH)","24","100.0000","42401","Sulfur dioxide","38900","Portland-Vancouver-Hillsboro, OR-WA","41","Oregon","051","Multnomah","45.562500000943","-122.575278"
"01/03/2020","AQS","410512011","1","1.5","ppb","1","Portland Cully Helensview School (PCH)","24","100.0000","42401","Sulfur dioxide","38900","Portland-Vancouver-Hillsboro, OR-WA","41","Oregon","051","Multnomah","45.562500000943","-122.575278"
"01/04/2020","AQS","410512011","1","0.1","ppb","0","Portland Cully Helensview School (PCH)","24","100.0000","42401","Sulfur dioxide","38900","Portland-Vancouver-Hillsboro, OR-WA","41","Oregon","051","Multnomah","45.562500000943","-122.575278"
"01/05/2020","AQS","410512011","1","0.5","ppb","0","Portland Cully Helensview School (PCH)","24","100.0000","42401","Sulfur dioxide","38900","Portland-Vancouver-Hillsboro, OR-WA","41","Oregon","051","Multnomah","45.562500000943","-122.575278"
"01/06/2020","AQS","410512011","1","-0.1","ppb","0","Portland Cully Helensview School (PCH)","24","100.0000","42401","Sulfur dioxide","38900","Portland-Vancouver-Hillsboro, OR-WA","41","Oregon","051","Multnomah","45.562500000943","-122.575278"
"01/07/2020","AQS","410512011","1","0.9","ppb","0","Portland Cully Helensview School (PCH)","24","100.0000","42401","Sulfur dioxide","38900","Portland-Vancouver-Hillsboro, OR-WA","41","Oregon","051","Multnomah","45.562500000943","-122.575278"
"01/08/2020","AQS","410512011","1","1.4","ppb","1","Portland Cully Helensview School (PCH)","24","100.0000","42401","Sulfur dioxide","38900","Portland-Vancouver-Hillsboro, OR-WA","41","Oregon","051","Multnomah","45.562500000943","-122.575278"
"01/09/2020","AQS","410512011","1","1.1","ppb","1","Portland Cully Helensview School (PCH)","24","100.0000","42401","Sulfur dioxide","38900","Portland-Vancouver-Hillsboro, OR-WA","41","Oregon","051","Multnomah","45.562500000943","-122.575278"
"01/10/2020","AQS","410512011","1","0.7","ppb","0","Portland Cully Helensview School (PCH)","24","100.0000","42401","Sulfur dioxide","38900","Portland-Vancouver-Hillsboro, OR-WA","41","Oregon","051","Multnomah","45.562500000943","-122.575278"
"01/11/2020","AQS","410512011","1","0.6","ppb","0","Portland Cully Helensview School (PCH)","24","100.0000","42401","Sulfur dioxide","38900","Portland-Vancouver-Hillsboro, OR-WA","41","Oregon","051","Multnomah","45.562500000943","-122.575278"
"01/12/2020","AQS","410512011","1","0.7","ppb","0","Portland Cully Helensview School (PCH)","24","100.0000","42401","Sulfur dioxide","38900","Portland-Vancouver-Hillsboro, OR-WA","41","Oregon","051","Multnomah","45.562500000943","-122.575278"
"01/13/2020","AQS","410512011","1","0.7","ppb","0","Portland Cully Helensview School (PCH)","24","100.0000","42401","Sulfur dioxide","38900","Portland-Vancouver-Hillsboro, OR-WA","41","Oregon","051","Multnomah","45.562500000943","-122.575278"
"01/14/2020","AQS","410512011","1","0.4","ppb","0","Portland Cully Helensview School (PCH)","24","100.0000","42401","Sulfur dioxide","38900","Portland-Vancouver-Hillsboro, OR-WA","41","Oregon","051","Multnomah","45.562500000943","-122.575278"
"01/15/2020","AQS","410512011","1","1.3","ppb","1","Portland Cully Helensview School (PCH)","24","100.0000","42401","Sulfur dioxide","38900","Portland-Vancouver-Hillsboro, OR-WA","41","Oregon","051","Multnomah","45.562500000943","-122.575278"
"01/16/2020","AQS","410512011","1","2.2","ppb","3","Portland Cully Helensview School (PCH)","24","100.0000","42401","Sulfur dioxide","38900","Portland-Vancouver-Hillsboro, OR-WA","41","Oregon","051","Multnomah","45.562500000943","-122.575278"
"01/17/2020","AQS","410512011","1","0.8","ppb","0","Portland Cully Helensview School (PCH)","24","100.0000","42401","Sulfur dioxide","38900","Portland-Vancouver-Hillsboro, OR-WA","41","Oregon","051","Multnomah","45.562500000943","-122.575278"
"01/18/2020","AQS","410512011","1","0.3","ppb","0","Portland Cully Helensview School (PCH)","24","100.0000","42401","Sulfur dioxide","38900","Portland-Vancouver-Hillsboro, OR-WA","41","Oregon","051","Multnomah","45.562500000943","-122.575278"
"01/19/2020","AQS","410512011","1","0.3","ppb","0","Portland Cully Helensview School (PCH)","24","100.0000","42401","Sulfur dioxide","38900","Portland-Vancouver-Hillsboro, OR-WA","41","Oregon","051","Multnomah","45.562500000943","-122.575278"
"01/20/2020","AQS","410512011","1","1.3","ppb","1","Portland Cully Helensview School (PCH)","24","100.0000","42401","Sulfur dioxide","38900","Portland-Vancouver-Hillsboro, OR-WA","41","Oregon","051","Multnomah","45.562500000943","-122.575278"
"01/21/2020","AQS","410512011","1","1.9","ppb","1","Portland Cully Helensview School (PCH)","24","100.0000","42401","Sulfur dioxide","38900","Portland-Vancouver-Hillsboro, OR-WA","41","Oregon","051","Multnomah","45.562500000943","-122.575278"
"01/22/2020","AQS","410512011","1","0.9","ppb","0","Portland Cully Helensview School (PCH)","24","100.0000","42401","Sulfur dioxide","38900","Portland-Vancouver-Hillsboro, OR-WA","41","Oregon","051","Multnomah","45.562500000943","-122.575278"
"01/23/2020","AQS","410512011","1","0.9","ppb","0","Portland Cully Helensview School (PCH)","24","100.0000","42401","Sulfur dioxide","38900","Portland-Vancouver-Hillsboro, OR-WA","41","Oregon","051","Multnomah","45.562500000943","-122.575278"
"01/24/2020","AQS","410512011","1","0.5","ppb","0","Portland Cully Helensview School (PCH)","24","100.0000","42401","Sulfur dioxide","38900","Portland-Vancouver-Hillsboro, OR-WA","41","Oregon","051","Multnomah","45.562500000943","-122.575278"
"01/25/2020","AQS","410512011","1","3","ppb","4","Portland Cully Helensview School (PCH)","24","100.0000","42401","Sulfur dioxide","38900","Portland-Vancouver-Hillsboro, OR-WA","41","Oregon","051","Multnomah","45.562500000943","-122.575278"
"01/26/2020","AQS","410512011","1","0.8","ppb","0","Portland Cully Helensview School (PCH)","24","100.0000","42401","Sulfur dioxide","38900","Portland-Vancouver-Hillsboro, OR-WA","41","Oregon","051","Multnomah","45.562500000943","-122.575278"
"01/27/2020","AQS","410512011","1","0.9","ppb","0","Portland Cully Helensview School (PCH)","24","100.0000","42401","Sulfur dioxide","38900","Portland-Vancouver-Hillsboro, OR-WA","41","Oregon","051","Multnomah","45.562500000943","-122.575278"
"01/28/2020","AQS","410512011","1","0.6","ppb","0","Portland Cully Helensview School (PCH)","24","100.0000","42401","Sulfur dioxide","38900","Portland-Vancouver-Hillsboro, OR-WA","41","Oregon","051","Multnomah","45.562500000943","-122.575278"
"01/29/2020","AQS","410512011","1","1","ppb","1","Portland Cully Helensview School (PCH)","24","100.0000","42401","Sulfur dioxide","38900","Portland-Vancouver-Hillsboro, OR-WA","41","Oregon","051","Multnomah","45.562500000943","-122.575278"
"01/30/2020","AQS","410512011","1","1.4","ppb","1","Portland Cully Helensview School (PCH)","24","100.0000","42401","Sulfur dioxide","38900","Portland-Vancouver-Hillsboro, OR-WA","41","Oregon","051","Multnomah","45.562500000943","-122.575278"
"01/31/2020","AQS","410512011","1","0.9","ppb","0","Portland Cully Helensview School (PCH)","24","100.0000","42401","Sulfur dioxide","38900","Portland-Vancouver-Hillsboro, OR-WA","41","Oregon","051","Multnomah","45.562500000943","-122.575278"
"02/01/2020","AQS","410512011","1","0.8","ppb","0","Portland Cully Helensview School (PCH)","24","100.0000","42401","Sulfur dioxide","38900","Portland-Vancouver-Hillsboro, OR-WA","41","Oregon","051","Multnomah","45.562500000943","-122.575278"
"02/02/2020","AQS","410512011","1","1.2","ppb","1","Portland Cully Helensview School (PCH)","24","100.0000","42401","Sulfur dioxide","38900","Portland-Vancouver-Hillsboro, OR-WA","41","Oregon","051","Multnomah","45.562500000943","-122.575278"
"02/03/2020","AQS","410512011","1","1.4","ppb","1","Portland Cully Helensview School (PCH)","24","100.0000","42401","Sulfur dioxide","38900","Portland-Vancouver-Hillsboro, OR-WA","41","Oregon","051","Multnomah","45.562500000943","-122.575278"
"02/04/2020","AQS","410512011","1","0.5","ppb","0","Portland Cully Helensview School (PCH)","24","100.0000","42401","Sulfur dioxide","38900","Portland-Vancouver-Hillsboro, OR-WA","41","Oregon","051","Multnomah","45.562500000943","-122.575278"
"02/05/2020","AQS","410512011","1","0.3","ppb","0","Portland Cully Helensview School (PCH)","24","100.0000","42401","Sulfur dioxide","38900","Portland-Vancouver-Hillsboro, OR-WA","41","Oregon","051","Multnomah","45.562500000943","-122.575278"
"02/06/2020","AQS","410512011","1","0.6","ppb","0","Portland Cully Helensview School (PCH)","24","100.0000","42401","Sulfur dioxide","38900","Portland-Vancouver-Hillsboro, OR-WA","41","Oregon","051","Multnomah","45.562500000943","-122.575278"
"02/07/2020","AQS","410512011","1","1.5","ppb","1","Portland Cully Helensview School (PCH)","24","100.0000","42401","Sulfur dioxide","38900","Portland-Vancouver-Hillsboro, OR-WA","41","Oregon","051","Multnomah","45.562500000943","-122.575278"
"02/08/2020","AQS","410512011","1","1.3","ppb","1","Portland Cully Helensview School (PCH)","24","100.0000","42401","Sulfur dioxide","38900","Portland-Vancouver-Hillsboro, OR-WA","41","Oregon","051","Multnomah","45.562500000943","-122.575278"
"02/09/2020","AQS","410512011","1","0.5","ppb","0","Portland Cully Helensview School (PCH)","24","100.0000","42401","Sulfur dioxide","38900","Portland-Vancouver-Hillsboro, OR-WA","41","Oregon","051","Multnomah","45.562500000943","-122.575278"
"02/10/2020","AQS","410512011","1","0.7","ppb","0","Portland Cully Helensview School (PCH)","24","100.0000","42401","Sulfur dioxide","38900","Portland-Vancouver-Hillsboro, OR-WA","41","Oregon","051","Multnomah","45.562500000943","-122.575278"
"02/11/2020","AQS","410512011","1","0.5","ppb","0","Portland Cully Helensview School (PCH)","24","100.0000","42401","Sulfur dioxide","38900","Portland-Vancouver-Hillsboro, OR-WA","41","Oregon","051","Multnomah","45.562500000943","-122.575278"
"02/12/2020","AQS","410512011","1","0.7","ppb","0","Portland Cully Helensview School (PCH)","24","100.0000","42401","Sulfur dioxide","38900","Portland-Vancouver-Hillsboro, OR-WA","41","Oregon","051","Multnomah","45.562500000943","-122.575278"
"02/13/2020","AQS","410512011","1","1.1","ppb","1","Portland Cully Helensview School (PCH)","24","100.0000","42401","Sulfur dioxide","38900","Portland-Vancouver-Hillsboro, OR-WA","41","Oregon","051","Multnomah","45.562500000943","-122.575278"
"02/14/2020","AQS","410512011","1","1.2","ppb","1","Portland Cully Helensview School (PCH)","24","100.0000","42401","Sulfur dioxide","38900","Portland-Vancouver-Hillsboro, OR-WA","41","Oregon","051","Multnomah","45.562500000943","-122.575278"
"02/15/2020","AQS","410512011","1","1.1","ppb","1","Portland Cully Helensview School (PCH)","24","100.0000","42401","Sulfur dioxide","38900","Portland-Vancouver-Hillsboro, OR-WA","41","Oregon","051","Multnomah","45.562500000943","-122.575278"
"02/16/2020","AQS","410512011","1","0.4","ppb","0","Portland Cully Helensview School (PCH)","24","100.0000","42401","Sulfur dioxide","38900","Portland-Vancouver-Hillsboro, OR-WA","41","Oregon","051","Multnomah","45.562500000943","-122.575278"
"02/17/2020","AQS","410512011","1","0.6","ppb","0","Portland Cully Helensview School (PCH)","24","100.0000","42401","Sulfur dioxide","38900","Portland-Vancouver-Hillsboro, OR-WA","41","Oregon","051","Multnomah","45.562500000943","-122.575278"
"02/18/2020","AQS","410512011","1","3.2","ppb","4","Portland Cully Helensview School (PCH)","24","100.0000","42401","Sulfur dioxide","38900","Portland-Vancouver-Hillsboro, OR-WA","41","Oregon","051","Multnomah","45.562500000943","-122.575278"
"02/19/2020","AQS","410512011","1","7.7","ppb","10","Portland Cully Helensview School (PCH)","24","100.0000","42401","Sulfur dioxide","38900","Portland-Vancouver-Hillsboro, OR-WA","41","Oregon","051","Multnomah","45.562500000943","-122.575278"
"02/20/2020","AQS","410512011","1","2","ppb","3","Portland Cully Helensview School (PCH)","24","100.0000","42401","Sulfur dioxide","38900","Portland-Vancouver-Hillsboro, OR-WA","41","Oregon","051","Multnomah","45.562500000943","-122.575278"
"02/21/2020","AQS","410512011","1","2.9","ppb","3","Portland Cully Helensview School (PCH)","24","100.0000","42401","Sulfur dioxide","38900","Portland-Vancouver-Hillsboro, OR-WA","41","Oregon","051","Multnomah","45.562500000943","-122.575278"
"02/22/2020","AQS","410512011","1","1.2","ppb","1","Portland Cully Helensview School (PCH)","24","100.0000","42401","Sulfur dioxide","38900","Portland-Vancouver-Hillsboro, OR-WA","41","Oregon","051","Multnomah","45.562500000943","-122.575278"
"02/23/2020","AQS","410512011","1","0.8","ppb","0","Portland Cully Helensview School (PCH)","24","100.0000","42401","Sulfur dioxide","38900","Portland-Vancouver-Hillsboro, OR-WA","41","Oregon","051","Multnomah","45.562500000943","-122.575278"
"02/24/2020","AQS","410512011","1","0.8","ppb","0","Portland Cully Helensview School (PCH)","24","100.0000","42401","Sulfur dioxide","38900","Portland-Vancouver-Hillsboro, OR-WA","41","Oregon","051","Multnomah","45.562500000943","-122.575278"
"02/25/2020","AQS","410512011","1","1.3","ppb","1","Portland Cully Helensview School (PCH)","24","100.0000","42401","Sulfur dioxide","38900","Portland-Vancouver-Hillsboro, OR-WA","41","Oregon","051","Multnomah","45.562500000943","-122.575278"
"02/26/2020","AQS","410512011","1","0.7","ppb","0","Portland Cully Helensview School (PCH)","24","100.0000","42401","Sulfur dioxide","38900","Portland-Vancouver-Hillsboro, OR-WA","41","Oregon","051","Multnomah","45.562500000943","-122.575278"
"02/27/2020","AQS","410512011","1","0.9","ppb","0","Portland Cully Helensview School (PCH)","24","100.0000","42401","Sulfur dioxide","38900","Portland-Vancouver-Hillsboro, OR-WA","41","Oregon","051","Multnomah","45.562500000943","-122.575278"
"02/28/2020","AQS","410512011","1","1.7","ppb","1","Portland Cully Helensview School (PCH)","24","100.0000","42401","Sulfur dioxide","38900","Portland-Vancouver-Hillsboro, OR-WA","41","Oregon","051","Multnomah","45.562500000943","-122.575278"
"02/29/2020","AQS","410512011","1","1.2","ppb","1","Portland Cully Helensview School (PCH)","24","100.0000","42401","Sulfur dioxide","38900","Portland-Vancouver-Hillsboro, OR-WA","41","Oregon","051","Multnomah","45.562500000943","-122.575278"
"03/01/2020","AQS","410512011","1","0.8","ppb","0","Portland Cully Helensview School (PCH)","24","100.0000","42401","Sulfur dioxide","38900","Portland-Vancouver-Hillsboro, OR-WA","41","Oregon","051","Multnomah","45.562500000943","-122.575278"
"03/02/2020","AQS","410512011","1","0.6","ppb","0","Portland Cully Helensview School (PCH)","24","100.0000","42401","Sulfur dioxide","38900","Portland-Vancouver-Hillsboro, OR-WA","41","Oregon","051","Multnomah","45.562500000943","-122.575278"
"03/03/2020","AQS","410512011","1","1.2","ppb","1","Portland Cully Helensview School (PCH)","24","100.0000","42401","Sulfur dioxide","38900","Portland-Vancouver-Hillsboro, OR-WA","41","Oregon","051","Multnomah","45.562500000943","-122.575278"
"03/04/2020","AQS","410512011","1","1.2","ppb","1","Portland Cully Helensview School (PCH)","24","100.0000","42401","Sulfur dioxide","38900","Portland-Vancouver-Hillsboro, OR-WA","41","Oregon","051","Multnomah","45.562500000943","-122.575278"
"03/05/2020","AQS","410512011","1","1.8","ppb","1","Portland Cully Helensview School (PCH)","24","100.0000","42401","Sulfur dioxide","38900","Portland-Vancouver-Hillsboro, OR-WA","41","Oregon","051","Multnomah","45.562500000943","-122.575278"
"03/06/2020","AQS","410512011","1","1.4","ppb","1","Portland Cully Helensview School (PCH)","24","100.0000","42401","Sulfur dioxide","38900","Portland-Vancouver-Hillsboro, OR-WA","41","Oregon","051","Multnomah","45.562500000943","-122.575278"
"03/07/2020","AQS","410512011","1","1.8","ppb","1","Portland Cully Helensview School (PCH)","24","100.0000","42401","Sulfur dioxide","38900","Portland-Vancouver-Hillsboro, OR-WA","41","Oregon","051","Multnomah","45.562500000943","-122.575278"
"03/08/2020","AQS","410512011","1","1.7","ppb","1","Portland Cully Helensview School (PCH)","23","96.0000","42401","Sulfur dioxide","38900","Portland-Vancouver-Hillsboro, OR-WA","41","Oregon","051","Multnomah","45.562500000943","-122.575278"
"03/09/2020","AQS","410512011","1","1.5","ppb","1","Portland Cully Helensview School (PCH)","24","100.0000","42401","Sulfur dioxide","38900","Portland-Vancouver-Hillsboro, OR-WA","41","Oregon","051","Multnomah","45.562500000943","-122.575278"
"03/10/2020","AQS","410512011","1","2.4","ppb","3","Portland Cully Helensview School (PCH)","24","100.0000","42401","Sulfur dioxide","38900","Portland-Vancouver-Hillsboro, OR-WA","41","Oregon","051","Multnomah","45.562500000943","-122.575278"
"03/11/2020","AQS","410512011","1","1.6","ppb","1","Portland Cully Helensview School (PCH)","24","100.0000","42401","Sulfur dioxide","38900","Portland-Vancouver-Hillsboro, OR-WA","41","Oregon","051","Multnomah","45.562500000943","-122.575278"
"03/12/2020","AQS","410512011","1","1.6","ppb","1","Portland Cully Helensview School (PCH)","24","100.0000","42401","Sulfur dioxide","38900","Portland-Vancouver-Hillsboro, OR-WA","41","Oregon","051","Multnomah","45.562500000943","-122.575278"
"03/13/2020","AQS","410512011","1","2.1","ppb","3","Portland Cully Helensview School (PCH)","24","100.0000","42401","Sulfur dioxide","38900","Portland-Vancouver-Hillsboro, OR-WA","41","Oregon","051","Multnomah","45.562500000943","-122.575278"
"03/14/2020","AQS","410512011","1","8","ppb","11","Portland Cully Helensview School (PCH)","24","100.0000","42401","Sulfur dioxide","38900","Portland-Vancouver-Hillsboro, OR-WA","41","Oregon","051","Multnomah","45.562500000943","-122.575278"
"03/15/2020","AQS","410512011","1","9.9","ppb","13","Portland Cully Helensview School (PCH)","24","100.0000","42401","Sulfur dioxide","38900","Portland-Vancouver-Hillsboro, OR-WA","41","Oregon","051","Multnomah","45.562500000943","-122.575278"
"03/16/2020","AQS","410512011","1","4.4","ppb","6","Portland Cully Helensview School (PCH)","24","100.0000","42401","Sulfur dioxide","38900","Portland-Vancouver-Hillsboro, OR-WA","41","Oregon","051","Multnomah","45.562500000943","-122.575278"
"03/17/2020","AQS","410512011","1","3.2","ppb","4","Portland Cully Helensview School (PCH)","24","100.0000","42401","Sulfur dioxide","38900","Portland-Vancouver-Hillsboro, OR-WA","41","Oregon","051","Multnomah","45.562500000943","-122.575278"
