"Date","Source","Site ID","POC","Daily Mean PM10 Concentration","UNITS","DAILY_AQI_VALUE","Site Name","DAILY_OBS_COUNT","PERCENT_COMPLETE","AQS_PARAMETER_CODE","AQS_PARAMETER_DESC","CBSA_CODE","CBSA_NAME","STATE_CODE","STATE","COUNTY_CODE","COUNTY","SITE_LATITUDE","SITE_LONGITUDE"
"01/02/2018","AQS","410510080","1","4","ug/m3 SC","4","Portland - SE Lafayette","1","100.0000","81102","PM10 Total 0-10um STP","38900","Portland-Vancouver-Hillsboro, OR-WA","41","Oregon","051","Multnomah","45.496641","-122.602877"
"01/05/2018","AQS","410510080","1","7","ug/m3 SC","6","Portland - SE Lafayette","1","100.0000","81102","PM10 Total 0-10um STP","38900","Portland-Vancouver-Hillsboro, OR-WA","41","Oregon","051","Multnomah","45.496641","-122.602877"
"01/08/2018","AQS","410510080","1","10","ug/m3 SC","9","Portland - SE Lafayette","1","100.0000","81102","PM10 Total 0-10um STP","38900","Portland-Vancouver-Hillsboro, OR-WA","41","Oregon","051","Multnomah","45.496641","-122.602877"
"01/11/2018","AQS","410510080","1","2","ug/m3 SC","2","Portland - SE Lafayette","1","100.0000","81102","PM10 Total 0-10um STP","38900","Portland-Vancouver-Hillsboro, OR-WA","41","Oregon","051","Multnomah","45.496641","-122.602877"
"01/14/2018","AQS","410510080","1","3","ug/m3 SC","3","Portland - SE Lafayette","1","100.0000","81102","PM10 Total 0-10um STP","38900","Portland-Vancouver-Hillsboro, OR-WA","41","Oregon","051","Multnomah","45.496641","-122.602877"
"01/17/2018","AQS","410510080","1","6","ug/m3 SC","6","Portland - SE Lafayette","1","100.0000","81102","PM10 Total 0-10um STP","38900","Portland-Vancouver-Hillsboro, OR-WA","41","Oregon","051","Multnomah","45.496641","-122.602877"
"01/20/2018","AQS","410510080","1","4","ug/m3 SC","4","Portland - SE Lafayette","1","100.0000","81102","PM10 Total 0-10um STP","38900","Portland-Vancouver-Hillsboro, OR-WA","41","Oregon","051","Multnomah","45.496641","-122.602877"
"01/23/2018","AQS","410510080","1","4","ug/m3 SC","4","Portland - SE Lafayette","1","100.0000","81102","PM10 Total 0-10um STP","38900","Portland-Vancouver-Hillsboro, OR-WA","41","Oregon","051","Multnomah","45.496641","-122.602877"
"01/26/2018","AQS","410510080","1","3","ug/m3 SC","3","Portland - SE Lafayette","1","100.0000","81102","PM10 Total 0-10um STP","38900","Portland-Vancouver-Hillsboro, OR-WA","41","Oregon","051","Multnomah","45.496641","-122.602877"
"02/01/2018","AQS","410510080","1","13","ug/m3 SC","12","Portland - SE Lafayette","1","100.0000","81102","PM10 Total 0-10um STP","38900","Portland-Vancouver-Hillsboro, OR-WA","41","Oregon","051","Multnomah","45.496641","-122.602877"
"02/04/2018","AQS","410510080","1","3","ug/m3 SC","3","Portland - SE Lafayette","1","100.0000","81102","PM10 Total 0-10um STP","38900","Portland-Vancouver-Hillsboro, OR-WA","41","Oregon","051","Multnomah","45.496641","-122.602877"
"02/07/2018","AQS","410510080","1","27","ug/m3 SC","25","Portland - SE Lafayette","1","100.0000","81102","PM10 Total 0-10um STP","38900","Portland-Vancouver-Hillsboro, OR-WA","41","Oregon","051","Multnomah","45.496641","-122.602877"
"02/10/2018","AQS","410510080","1","14","ug/m3 SC","13","Portland - SE Lafayette","1","100.0000","81102","PM10 Total 0-10um STP","38900","Portland-Vancouver-Hillsboro, OR-WA","41","Oregon","051","Multnomah","45.496641","-122.602877"
"02/13/2018","AQS","410510080","1","18","ug/m3 SC","17","Portland - SE Lafayette","1","100.0000","81102","PM10 Total 0-10um STP","38900","Portland-Vancouver-Hillsboro, OR-WA","41","Oregon","051","Multnomah","45.496641","-122.602877"
"02/16/2018","AQS","410510080","1","4","ug/m3 SC","4","Portland - SE Lafayette","1","100.0000","81102","PM10 Total 0-10um STP","38900","Portland-Vancouver-Hillsboro, OR-WA","41","Oregon","051","Multnomah","45.496641","-122.602877"
"02/19/2018","AQS","410510080","1","14","ug/m3 SC","13","Portland - SE Lafayette","1","100.0000","81102","PM10 Total 0-10um STP","38900","Portland-Vancouver-Hillsboro, OR-WA","41","Oregon","051","Multnomah","45.496641","-122.602877"
"02/22/2018","AQS","410510080","1","8","ug/m3 SC","7","Portland - SE Lafayette","1","100.0000","81102","PM10 Total 0-10um STP","38900","Portland-Vancouver-Hillsboro, OR-WA","41","Oregon","051","Multnomah","45.496641","-122.602877"
"02/25/2018","AQS","410510080","1","6","ug/m3 SC","6","Portland - SE Lafayette","1","100.0000","81102","PM10 Total 0-10um STP","38900","Portland-Vancouver-Hillsboro, OR-WA","41","Oregon","051","Multnomah","45.496641","-122.602877"
"02/28/2018","AQS","410510080","1","2","ug/m3 SC","2","Portland - SE Lafayette","1","100.0000","81102","PM10 Total 0-10um STP","38900","Portland-Vancouver-Hillsboro, OR-WA","41","Oregon","051","Multnomah","45.496641","-122.602877"
"03/03/2018","AQS","410510080","1","12","ug/m3 SC","11","Portland - SE Lafayette","1","100.0000","81102","PM10 Total 0-10um STP","38900","Portland-Vancouver-Hillsboro, OR-WA","41","Oregon","051","Multnomah","45.496641","-122.602877"
"03/06/2018","AQS","410510080","1","13","ug/m3 SC","12","Portland - SE Lafayette","1","100.0000","81102","PM10 Total 0-10um STP","38900","Portland-Vancouver-Hillsboro, OR-WA","41","Oregon","051","Multnomah","45.496641","-122.602877"
"03/09/2018","AQS","410510080","1","14","ug/m3 SC","13","Portland - SE Lafayette","1","100.0000","81102","PM10 Total 0-10um STP","38900","Portland-Vancouver-Hillsboro, OR-WA","41","Oregon","051","Multnomah","45.496641","-122.602877"
"03/12/2018","AQS","410510080","1","11","ug/m3 SC","10","Portland - SE Lafayette","1","100.0000","81102","PM10 Total 0-10um STP","38900","Portland-Vancouver-Hillsboro, OR-WA","41","Oregon","051","Multnomah","45.496641","-122.602877"
"03/15/2018","AQS","410510080","1","8","ug/m3 SC","7","Portland - SE Lafayette","1","100.0000","81102","PM10 Total 0-10um STP","38900","Portland-Vancouver-Hillsboro, OR-WA","41","Oregon","051","Multnomah","45.496641","-122.602877"
"03/18/2018","AQS","410510080","1","5","ug/m3 SC","5","Portland - SE Lafayette","1","100.0000","81102","PM10 Total 0-10um STP","38900","Portland-Vancouver-Hillsboro, OR-WA","41","Oregon","051","Multnomah","45.496641","-122.602877"
"03/21/2018","AQS","410510080","1","18","ug/m3 SC","17","Portland - SE Lafayette","1","100.0000","81102","PM10 Total 0-10um STP","38900","Portland-Vancouver-Hillsboro, OR-WA","41","Oregon","051","Multnomah","45.496641","-122.602877"
"03/24/2018","AQS","410510080","1","3","ug/m3 SC","3","Portland - SE Lafayette","1","100.0000","81102","PM10 Total 0-10um STP","38900","Portland-Vancouver-Hillsboro, OR-WA","41","Oregon","051","Multnomah","45.496641","-122.602877"
"03/27/2018","AQS","410510080","1","4","ug/m3 SC","4","Portland - SE Lafayette","1","100.0000","81102","PM10 Total 0-10um STP","38900","Portland-Vancouver-Hillsboro, OR-WA","41","Oregon","051","Multnomah","45.496641","-122.602877"
"03/30/2018","AQS","410510080","1","12","ug/m3 SC","11","Portland - SE Lafayette","1","100.0000","81102","PM10 Total 0-10um STP","38900","Portland-Vancouver-Hillsboro, OR-WA","41","Oregon","051","Multnomah","45.496641","-122.602877"
"04/02/2018","AQS","410510080","1","7","ug/m3 SC","6","Portland - SE Lafayette","1","100.0000","81102","PM10 Total 0-10um STP","38900","Portland-Vancouver-Hillsboro, OR-WA","41","Oregon","051","Multnomah","45.496641","-122.602877"
"04/05/2018","AQS","410510080","1","10","ug/m3 SC","9","Portland - SE Lafayette","1","100.0000","81102","PM10 Total 0-10um STP","38900","Portland-Vancouver-Hillsboro, OR-WA","41","Oregon","051","Multnomah","45.496641","-122.602877"
"04/08/2018","AQS","410510080","1","4","ug/m3 SC","4","Portland - SE Lafayette","1","100.0000","81102","PM10 Total 0-10um STP","38900","Portland-Vancouver-Hillsboro, OR-WA","41","Oregon","051","Multnomah","45.496641","-122.602877"
"04/11/2018","AQS","410510080","1","4","ug/m3 SC","4","Portland - SE Lafayette","1","100.0000","81102","PM10 Total 0-10um STP","38900","Portland-Vancouver-Hillsboro, OR-WA","41","Oregon","051","Multnomah","45.496641","-122.602877"
"04/14/2018","AQS","410510080","1","17","ug/m3 SC","16","Portland - SE Lafayette","1","100.0000","81102","PM10 Total 0-10um STP","38900","Portland-Vancouver-Hillsboro, OR-WA","41","Oregon","051","Multnomah","45.496641","-122.602877"
"04/17/2018","AQS","410510080","1","6","ug/m3 SC","6","Portland - SE Lafayette","1","100.0000","81102","PM10 Total 0-10um STP","38900","Portland-Vancouver-Hillsboro, OR-WA","41","Oregon","051","Multnomah","45.496641","-122.602877"
"04/20/2018","AQS","410510080","1","12","ug/m3 SC","11","Portland - SE Lafayette","1","100.0000","81102","PM10 Total 0-10um STP","38900","Portland-Vancouver-Hillsboro, OR-WA","41","Oregon","051","Multnomah","45.496641","-122.602877"
"04/23/2018","AQS","410510080","1","10","ug/m3 SC","9","Portland - SE Lafayette","1","100.0000","81102","PM10 Total 0-10um STP","38900","Portland-Vancouver-Hillsboro, OR-WA","41","Oregon","051","Multnomah","45.496641","-122.602877"
"04/26/2018","AQS","410510080","1","24","ug/m3 SC","22","Portland - SE Lafayette","1","100.0000","81102","PM10 Total 0-10um STP","38900","Portland-Vancouver-Hillsboro, OR-WA","41","Oregon","051","Multnomah","45.496641","-122.602877"
"04/29/2018","AQS","410510080","1","7","ug/m3 SC","6","Portland - SE Lafayette","1","100.0000","81102","PM10 Total 0-10um STP","38900","Portland-Vancouver-Hillsboro, OR-WA","41","Oregon","051","Multnomah","45.496641","-122.602877"
"05/02/2018","AQS","410510080","1","11","ug/m3 SC","10","Portland - SE Lafayette","1","100.0000","81102","PM10 Total 0-10um STP","38900","Portland-Vancouver-Hillsboro, OR-WA","41","Oregon","051","Multnomah","45.496641","-122.602877"
"05/05/2018","AQS","410510080","1","10","ug/m3 SC","9","Portland - SE Lafayette","1","100.0000","81102","PM10 Total 0-10um STP","38900","Portland-Vancouver-Hillsboro, OR-WA","41","Oregon","051","Multnomah","45.496641","-122.602877"
"05/08/2018","AQS","410510080","1","13","ug/m3 SC","12","Portland - SE Lafayette","1","100.0000","81102","PM10 Total 0-10um STP","38900","Portland-Vancouver-Hillsboro, OR-WA","41","Oregon","051","Multnomah","45.496641","-122.602877"
"05/14/2018","AQS","410510080","1","17","ug/m3 SC","16","Portland - SE Lafayette","1","100.0000","81102","PM10 Total 0-10um STP","38900","Portland-Vancouver-Hillsboro, OR-WA","41","Oregon","051","Multnomah","45.496641","-122.602877"
"05/17/2018","AQS","410510080","1","6","ug/m3 SC","6","Portland - SE Lafayette","1","100.0000","81102","PM10 Total 0-10um STP","38900","Portland-Vancouver-Hillsboro, OR-WA","41","Oregon","051","Multnomah","45.496641","-122.602877"
"05/20/2018","AQS","410510080","1","8","ug/m3 SC","7","Portland - SE Lafayette","1","100.0000","81102","PM10 Total 0-10um STP","38900","Portland-Vancouver-Hillsboro, OR-WA","41","Oregon","051","Multnomah","45.496641","-122.602877"
"05/23/2018","AQS","410510080","1","17","ug/m3 SC","16","Portland - SE Lafayette","1","100.0000","81102","PM10 Total 0-10um STP","38900","Portland-Vancouver-Hillsboro, OR-WA","41","Oregon","051","Multnomah","45.496641","-122.602877"
"05/26/2018","AQS","410510080","1","8","ug/m3 SC","7","Portland - SE Lafayette","1","100.0000","81102","PM10 Total 0-10um STP","38900","Portland-Vancouver-Hillsboro, OR-WA","41","Oregon","051","Multnomah","45.496641","-122.602877"
"05/29/2018","AQS","410510080","1","12","ug/m3 SC","11","Portland - SE Lafayette","1","100.0000","81102","PM10 Total 0-10um STP","38900","Portland-Vancouver-Hillsboro, OR-WA","41","Oregon","051","Multnomah","45.496641","-122.602877"
"06/01/2018","AQS","410510080","1","8","ug/m3 SC","7","Portland - SE Lafayette","1","100.0000","81102","PM10 Total 0-10um STP","38900","Portland-Vancouver-Hillsboro, OR-WA","41","Oregon","051","Multnomah","45.496641","-122.602877"
"06/04/2018","AQS","410510080","1","7","ug/m3 SC","6","Portland - SE Lafayette","1","100.0000","81102","PM10 Total 0-10um STP","38900","Portland-Vancouver-Hillsboro, OR-WA","41","Oregon","051","Multnomah","45.496641","-122.602877"
"06/07/2018","AQS","410510080","1","10","ug/m3 SC","9","Portland - SE Lafayette","1","100.0000","81102","PM10 Total 0-10um STP","38900","Portland-Vancouver-Hillsboro, OR-WA","41","Oregon","051","Multnomah","45.496641","-122.602877"
"06/10/2018","AQS","410510080","1","4","ug/m3 SC","4","Portland - SE Lafayette","1","100.0000","81102","PM10 Total 0-10um STP","38900","Portland-Vancouver-Hillsboro, OR-WA","41","Oregon","051","Multnomah","45.496641","-122.602877"
"06/13/2018","AQS","410510080","1","5","ug/m3 SC","5","Portland - SE Lafayette","1","100.0000","81102","PM10 Total 0-10um STP","38900","Portland-Vancouver-Hillsboro, OR-WA","41","Oregon","051","Multnomah","45.496641","-122.602877"
"06/16/2018","AQS","410510080","1","10","ug/m3 SC","9","Portland - SE Lafayette","1","100.0000","81102","PM10 Total 0-10um STP","38900","Portland-Vancouver-Hillsboro, OR-WA","41","Oregon","051","Multnomah","45.496641","-122.602877"
"06/19/2018","AQS","410510080","1","15","ug/m3 SC","14","Portland - SE Lafayette","1","100.0000","81102","PM10 Total 0-10um STP","38900","Portland-Vancouver-Hillsboro, OR-WA","41","Oregon","051","Multnomah","45.496641","-122.602877"
"06/22/2018","AQS","410510080","1","7","ug/m3 SC","6","Portland - SE Lafayette","1","100.0000","81102","PM10 Total 0-10um STP","38900","Portland-Vancouver-Hillsboro, OR-WA","41","Oregon","051","Multnomah","45.496641","-122.602877"
"06/25/2018","AQS","410510080","1","6","ug/m3 SC","6","Portland - SE Lafayette","1","100.0000","81102","PM10 Total 0-10um STP","38900","Portland-Vancouver-Hillsboro, OR-WA","41","Oregon","051","Multnomah","45.496641","-122.602877"
"06/28/2018","AQS","410510080","1","9","ug/m3 SC","8","Portland - SE Lafayette","1","100.0000","81102","PM10 Total 0-10um STP","38900","Portland-Vancouver-Hillsboro, OR-WA","41","Oregon","051","Multnomah","45.496641","-122.602877"
"07/01/2018","AQS","410510080","1","5","ug/m3 SC","5","Portland - SE Lafayette","1","100.0000","81102","PM10 Total 0-10um STP","38900","Portland-Vancouver-Hillsboro, OR-WA","41","Oregon","051","Multnomah","45.496641","-122.602877"
"07/04/2018","AQS","410510080","1","26","ug/m3 SC","24","Portland - SE Lafayette","1","100.0000","81102","PM10 Total 0-10um STP","38900","Portland-Vancouver-Hillsboro, OR-WA","41","Oregon","051","Multnomah","45.496641","-122.602877"
"07/07/2018","AQS","410510080","1","7","ug/m3 SC","6","Portland - SE Lafayette","1","100.0000","81102","PM10 Total 0-10um STP","38900","Portland-Vancouver-Hillsboro, OR-WA","41","Oregon","051","Multnomah","45.496641","-122.602877"
"07/10/2018","AQS","410510080","1","6","ug/m3 SC","6","Portland - SE Lafayette","1","100.0000","81102","PM10 Total 0-10um STP","38900","Portland-Vancouver-Hillsboro, OR-WA","41","Oregon","051","Multnomah","45.496641","-122.602877"
"07/13/2018","AQS","410510080","1","14","ug/m3 SC","13","Portland - SE Lafayette","1","100.0000","81102","PM10 Total 0-10um STP","38900","Portland-Vancouver-Hillsboro, OR-WA","41","Oregon","051","Multnomah","45.496641","-122.602877"
"07/16/2018","AQS","410510080","1","17","ug/m3 SC","16","Portland - SE Lafayette","1","100.0000","81102","PM10 Total 0-10um STP","38900","Portland-Vancouver-Hillsboro, OR-WA","41","Oregon","051","Multnomah","45.496641","-122.602877"
"07/19/2018","AQS","410510080","1","7","ug/m3 SC","6","Portland - SE Lafayette","1","100.0000","81102","PM10 Total 0-10um STP","38900","Portland-Vancouver-Hillsboro, OR-WA","41","Oregon","051","Multnomah","45.496641","-122.602877"
"07/22/2018","AQS","410510080","1","12","ug/m3 SC","11","Portland - SE Lafayette","1","100.0000","81102","PM10 Total 0-10um STP","38900","Portland-Vancouver-Hillsboro, OR-WA","41","Oregon","051","Multnomah","45.496641","-122.602877"
"07/25/2018","AQS","410510080","1","13","ug/m3 SC","12","Portland - SE Lafayette","1","100.0000","81102","PM10 Total 0-10um STP","38900","Portland-Vancouver-Hillsboro, OR-WA","41","Oregon","051","Multnomah","45.496641","-122.602877"
"07/28/2018","AQS","410510080","1","10","ug/m3 SC","9","Portland - SE Lafayette","1","100.0000","81102","PM10 Total 0-10um STP","38900","Portland-Vancouver-Hillsboro, OR-WA","41","Oregon","051","Multnomah","45.496641","-122.602877"
"07/31/2018","AQS","410510080","1","13","ug/m3 SC","12","Portland - SE Lafayette","1","100.0000","81102","PM10 Total 0-10um STP","38900","Portland-Vancouver-Hillsboro, OR-WA","41","Oregon","051","Multnomah","45.496641","-122.602877"
"08/03/2018","AQS","410510080","1","5","ug/m3 SC","5","Portland - SE Lafayette","1","100.0000","81102","PM10 Total 0-10um STP","38900","Portland-Vancouver-Hillsboro, OR-WA","41","Oregon","051","Multnomah","45.496641","-122.602877"
"08/06/2018","AQS","410510080","1","13","ug/m3 SC","12","Portland - SE Lafayette","1","100.0000","81102","PM10 Total 0-10um STP","38900","Portland-Vancouver-Hillsboro, OR-WA","41","Oregon","051","Multnomah","45.496641","-122.602877"
"08/09/2018","AQS","410510080","1","20","ug/m3 SC","19","Portland - SE Lafayette","1","100.0000","81102","PM10 Total 0-10um STP","38900","Portland-Vancouver-Hillsboro, OR-WA","41","Oregon","051","Multnomah","45.496641","-122.602877"
"08/12/2018","AQS","410510080","1","7","ug/m3 SC","6","Portland - SE Lafayette","1","100.0000","81102","PM10 Total 0-10um STP","38900","Portland-Vancouver-Hillsboro, OR-WA","41","Oregon","051","Multnomah","45.496641","-122.602877"
"08/15/2018","AQS","410510080","1","54","ug/m3 SC","50","Portland - SE Lafayette","1","100.0000","81102","PM10 Total 0-10um STP","38900","Portland-Vancouver-Hillsboro, OR-WA","41","Oregon","051","Multnomah","45.496641","-122.602877"
"08/18/2018","AQS","410510080","1","21","ug/m3 SC","19","Portland - SE Lafayette","1","100.0000","81102","PM10 Total 0-10um STP","38900","Portland-Vancouver-Hillsboro, OR-WA","41","Oregon","051","Multnomah","45.496641","-122.602877"
"08/24/2018","AQS","410510080","1","11","ug/m3 SC","10","Portland - SE Lafayette","1","100.0000","81102","PM10 Total 0-10um STP","38900","Portland-Vancouver-Hillsboro, OR-WA","41","Oregon","051","Multnomah","45.496641","-122.602877"
"08/27/2018","AQS","410510080","1","7","ug/m3 SC","6","Portland - SE Lafayette","1","100.0000","81102","PM10 Total 0-10um STP","38900","Portland-Vancouver-Hillsboro, OR-WA","41","Oregon","051","Multnomah","45.496641","-122.602877"
"08/30/2018","AQS","410510080","1","6","ug/m3 SC","6","Portland - SE Lafayette","1","100.0000","81102","PM10 Total 0-10um STP","38900","Portland-Vancouver-Hillsboro, OR-WA","41","Oregon","051","Multnomah","45.496641","-122.602877"
"09/02/2018","AQS","410510080","1","11","ug/m3 SC","10","Portland - SE Lafayette","1","100.0000","81102","PM10 Total 0-10um STP","38900","Portland-Vancouver-Hillsboro, OR-WA","41","Oregon","051","Multnomah","45.496641","-122.602877"
"09/08/2018","AQS","410510080","1","6","ug/m3 SC","6","Portland - SE Lafayette","1","100.0000","81102","PM10 Total 0-10um STP","38900","Portland-Vancouver-Hillsboro, OR-WA","41","Oregon","051","Multnomah","45.496641","-122.602877"
"09/11/2018","AQS","410510080","1","9","ug/m3 SC","8","Portland - SE Lafayette","1","100.0000","81102","PM10 Total 0-10um STP","38900","Portland-Vancouver-Hillsboro, OR-WA","41","Oregon","051","Multnomah","45.496641","-122.602877"
"09/14/2018","AQS","410510080","1","7","ug/m3 SC","6","Portland - SE Lafayette","1","100.0000","81102","PM10 Total 0-10um STP","38900","Portland-Vancouver-Hillsboro, OR-WA","41","Oregon","051","Multnomah","45.496641","-122.602877"
"09/17/2018","AQS","410510080","1","7","ug/m3 SC","6","Portland - SE Lafayette","1","100.0000","81102","PM10 Total 0-10um STP","38900","Portland-Vancouver-Hillsboro, OR-WA","41","Oregon","051","Multnomah","45.496641","-122.602877"
"09/20/2018","AQS","410510080","1","12","ug/m3 SC","11","Portland - SE Lafayette","1","100.0000","81102","PM10 Total 0-10um STP","38900","Portland-Vancouver-Hillsboro, OR-WA","41","Oregon","051","Multnomah","45.496641","-122.602877"
"09/23/2018","AQS","410510080","1","12","ug/m3 SC","11","Portland - SE Lafayette","1","100.0000","81102","PM10 Total 0-10um STP","38900","Portland-Vancouver-Hillsboro, OR-WA","41","Oregon","051","Multnomah","45.496641","-122.602877"
"09/26/2018","AQS","410510080","1","15","ug/m3 SC","14","Portland - SE Lafayette","1","100.0000","81102","PM10 Total 0-10um STP","38900","Portland-Vancouver-Hillsboro, OR-WA","41","Oregon","051","Multnomah","45.496641","-122.602877"
"10/02/2018","AQS","410510080","1","11","ug/m3 SC","10","Portland - SE Lafayette","1","100.0000","81102","PM10 Total 0-10um STP","38900","Portland-Vancouver-Hillsboro, OR-WA","41","Oregon","051","Multnomah","45.496641","-122.602877"
"10/05/2018","AQS","410510080","1","12","ug/m3 SC","11","Portland - SE Lafayette","1","100.0000","81102","PM10 Total 0-10um STP","38900","Portland-Vancouver-Hillsboro, OR-WA","41","Oregon","051","Multnomah","45.496641","-122.602877"
"10/08/2018","AQS","410510080","1","8","ug/m3 SC","7","Portland - SE Lafayette","1","100.0000","81102","PM10 Total 0-10um STP","38900","Portland-Vancouver-Hillsboro, OR-WA","41","Oregon","051","Multnomah","45.496641","-122.602877"
"10/11/2018","AQS","410510080","1","13","ug/m3 SC","12","Portland - SE Lafayette","1","100.0000","81102","PM10 Total 0-10um STP","38900","Portland-Vancouver-Hillsboro, OR-WA","41","Oregon","051","Multnomah","45.496641","-122.602877"
"10/14/2018","AQS","410510080","1","7","ug/m3 SC","6","Portland - SE Lafayette","1","100.0000","81102","PM10 Total 0-10um STP","38900","Portland-Vancouver-Hillsboro, OR-WA","41","Oregon","051","Multnomah","45.496641","-122.602877"
"10/17/2018","AQS","410510080","1","18","ug/m3 SC","17","Portland - SE Lafayette","1","100.0000","81102","PM10 Total 0-10um STP","38900","Portland-Vancouver-Hillsboro, OR-WA","41","Oregon","051","Multnomah","45.496641","-122.602877"
"10/20/2018","AQS","410510080","1","20","ug/m3 SC","19","Portland - SE Lafayette","1","100.0000","81102","PM10 Total 0-10um STP","38900","Portland-Vancouver-Hillsboro, OR-WA","41","Oregon","051","Multnomah","45.496641","-122.602877"
"10/23/2018","AQS","410510080","1","21","ug/m3 SC","19","Portland - SE Lafayette","1","100.0000","81102","PM10 Total 0-10um STP","38900","Portland-Vancouver-Hillsboro, OR-WA","41","Oregon","051","Multnomah","45.496641","-122.602877"
"10/26/2018","AQS","410510080","1","10","ug/m3 SC","9","Portland - SE Lafayette","1","100.0000","81102","PM10 Total 0-10um STP","38900","Portland-Vancouver-Hillsboro, OR-WA","41","Oregon","051","Multnomah","45.496641","-122.602877"
"10/29/2018","AQS","410510080","1","9","ug/m3 SC","8","Portland - SE Lafayette","1","100.0000","81102","PM10 Total 0-10um STP","38900","Portland-Vancouver-Hillsboro, OR-WA","41","Oregon","051","Multnomah","45.496641","-122.602877"
"11/01/2018","AQS","410510080","1","6","ug/m3 SC","6","Portland - SE Lafayette","1","100.0000","81102","PM10 Total 0-10um STP","38900","Portland-Vancouver-Hillsboro, OR-WA","41","Oregon","051","Multnomah","45.496641","-122.602877"
"11/04/2018","AQS","410510080","1","12","ug/m3 SC","11","Portland - SE Lafayette","1","100.0000","81102","PM10 Total 0-10um STP","38900","Portland-Vancouver-Hillsboro, OR-WA","41","Oregon","051","Multnomah","45.496641","-122.602877"
"11/07/2018","AQS","410510080","1","21","ug/m3 SC","19","Portland - SE Lafayette","1","100.0000","81102","PM10 Total 0-10um STP","38900","Portland-Vancouver-Hillsboro, OR-WA","41","Oregon","051","Multnomah","45.496641","-122.602877"
"11/10/2018","AQS","410510080","1","13","ug/m3 SC","12","Portland - SE Lafayette","1","100.0000","81102","PM10 Total 0-10um STP","38900","Portland-Vancouver-Hillsboro, OR-WA","41","Oregon","051","Multnomah","45.496641","-122.602877"
"11/13/2018","AQS","410510080","1","23","ug/m3 SC","21","Portland - SE Lafayette","1","100.0000","81102","PM10 Total 0-10um STP","38900","Portland-Vancouver-Hillsboro, OR-WA","41","Oregon","051","Multnomah","45.496641","-122.602877"
"11/16/2018","AQS","410510080","1","22","ug/m3 SC","20","Portland - SE Lafayette","1","100.0000","81102","PM10 Total 0-10um STP","38900","Portland-Vancouver-Hillsboro, OR-WA","41","Oregon","051","Multnomah","45.496641","-122.602877"
"11/19/2018","AQS","410510080","1","12","ug/m3 SC","11","Portland - SE Lafayette","1","100.0000","81102","PM10 Total 0-10um STP","38900","Portland-Vancouver-Hillsboro, OR-WA","41","Oregon","051","Multnomah","45.496641","-122.602877"
"11/22/2018","AQS","410510080","1","7","ug/m3 SC","6","Portland - SE Lafayette","1","100.0000","81102","PM10 Total 0-10um STP","38900","Portland-Vancouver-Hillsboro, OR-WA","41","Oregon","051","Multnomah","45.496641","-122.602877"
"11/25/2018","AQS","410510080","1","16","ug/m3 SC","15","Portland - SE Lafayette","1","100.0000","81102","PM10 Total 0-10um STP","38900","Portland-Vancouver-Hillsboro, OR-WA","41","Oregon","051","Multnomah","45.496641","-122.602877"
"11/28/2018","AQS","410510080","1","11","ug/m3 SC","10","Portland - SE Lafayette","1","100.0000","81102","PM10 Total 0-10um STP","38900","Portland-Vancouver-Hillsboro, OR-WA","41","Oregon","051","Multnomah","45.496641","-122.602877"
"12/01/2018","AQS","410510080","1","11","ug/m3 SC","10","Portland - SE Lafayette","1","100.0000","81102","PM10 Total 0-10um STP","38900","Portland-Vancouver-Hillsboro, OR-WA","41","Oregon","051","Multnomah","45.496641","-122.602877"
"12/04/2018","AQS","410510080","1","7","ug/m3 SC","6","Portland - SE Lafayette","1","100.0000","81102","PM10 Total 0-10um STP","38900","Portland-Vancouver-Hillsboro, OR-WA","41","Oregon","051","Multnomah","45.496641","-122.602877"
"12/07/2018","AQS","410510080","1","13","ug/m3 SC","12","Portland - SE Lafayette","1","100.0000","81102","PM10 Total 0-10um STP","38900","Portland-Vancouver-Hillsboro, OR-WA","41","Oregon","051","Multnomah","45.496641","-122.602877"
"12/10/2018","AQS","410510080","1","18","ug/m3 SC","17","Portland - SE Lafayette","1","100.0000","81102","PM10 Total 0-10um STP","38900","Portland-Vancouver-Hillsboro, OR-WA","41","Oregon","051","Multnomah","45.496641","-122.602877"
"12/13/2018","AQS","410510080","1","13","ug/m3 SC","12","Portland - SE Lafayette","1","100.0000","81102","PM10 Total 0-10um STP","38900","Portland-Vancouver-Hillsboro, OR-WA","41","Oregon","051","Multnomah","45.496641","-122.602877"
"12/16/2018","AQS","410510080","1","5","ug/m3 SC","5","Portland - SE Lafayette","1","100.0000","81102","PM10 Total 0-10um STP","38900","Portland-Vancouver-Hillsboro, OR-WA","41","Oregon","051","Multnomah","45.496641","-122.602877"
"12/19/2018","AQS","410510080","1","14","ug/m3 SC","13","Portland - SE Lafayette","1","100.0000","81102","PM10 Total 0-10um STP","38900","Portland-Vancouver-Hillsboro, OR-WA","41","Oregon","051","Multnomah","45.496641","-122.602877"
"12/22/2018","AQS","410510080","1","18","ug/m3 SC","17","Portland - SE Lafayette","1","100.0000","81102","PM10 Total 0-10um STP","38900","Portland-Vancouver-Hillsboro, OR-WA","41","Oregon","051","Multnomah","45.496641","-122.602877"
"12/25/2018","AQS","410510080","1","16","ug/m3 SC","15","Portland - SE Lafayette","1","100.0000","81102","PM10 Total 0-10um STP","38900","Portland-Vancouver-Hillsboro, OR-WA","41","Oregon","051","Multnomah","45.496641","-122.602877"
"12/28/2018","AQS","410510080","1","9","ug/m3 SC","8","Portland - SE Lafayette","1","100.0000","81102","PM10 Total 0-10um STP","38900","Portland-Vancouver-Hillsboro, OR-WA","41","Oregon","051","Multnomah","45.496641","-122.602877"
"12/31/2018","AQS","410510080","1","16","ug/m3 SC","15","Portland - SE Lafayette","1","100.0000","81102","PM10 Total 0-10um STP","38900","Portland-Vancouver-Hillsboro, OR-WA","41","Oregon","051","Multnomah","45.496641","-122.602877"
"01/02/2018","AQS","410510080","2","4","ug/m3 SC","4","Portland - SE Lafayette","1","100.0000","81102","PM10 Total 0-10um STP","38900","Portland-Vancouver-Hillsboro, OR-WA","41","Oregon","051","Multnomah","45.496641","-122.602877"
"01/14/2018","AQS","410510080","2","4","ug/m3 SC","4","Portland - SE Lafayette","1","100.0000","81102","PM10 Total 0-10um STP","38900","Portland-Vancouver-Hillsboro, OR-WA","41","Oregon","051","Multnomah","45.496641","-122.602877"
"01/26/2018","AQS","410510080","2","3","ug/m3 SC","3","Portland - SE Lafayette","1","100.0000","81102","PM10 Total 0-10um STP","38900","Portland-Vancouver-Hillsboro, OR-WA","41","Oregon","051","Multnomah","45.496641","-122.602877"
"02/07/2018","AQS","410510080","2","27","ug/m3 SC","25","Portland - SE Lafayette","1","100.0000","81102","PM10 Total 0-10um STP","38900","Portland-Vancouver-Hillsboro, OR-WA","41","Oregon","051","Multnomah","45.496641","-122.602877"
"02/19/2018","AQS","410510080","2","14","ug/m3 SC","13","Portland - SE Lafayette","1","100.0000","81102","PM10 Total 0-10um STP","38900","Portland-Vancouver-Hillsboro, OR-WA","41","Oregon","051","Multnomah","45.496641","-122.602877"
"03/06/2018","AQS","410510080","2","12","ug/m3 SC","11","Portland - SE Lafayette","1","100.0000","81102","PM10 Total 0-10um STP","38900","Portland-Vancouver-Hillsboro, OR-WA","41","Oregon","051","Multnomah","45.496641","-122.602877"
"03/15/2018","AQS","410510080","2","9","ug/m3 SC","8","Portland - SE Lafayette","1","100.0000","81102","PM10 Total 0-10um STP","38900","Portland-Vancouver-Hillsboro, OR-WA","41","Oregon","051","Multnomah","45.496641","-122.602877"
"03/27/2018","AQS","410510080","2","4","ug/m3 SC","4","Portland - SE Lafayette","1","100.0000","81102","PM10 Total 0-10um STP","38900","Portland-Vancouver-Hillsboro, OR-WA","41","Oregon","051","Multnomah","45.496641","-122.602877"
"04/08/2018","AQS","410510080","2","4","ug/m3 SC","4","Portland - SE Lafayette","1","100.0000","81102","PM10 Total 0-10um STP","38900","Portland-Vancouver-Hillsboro, OR-WA","41","Oregon","051","Multnomah","45.496641","-122.602877"
"04/20/2018","AQS","410510080","2","13","ug/m3 SC","12","Portland - SE Lafayette","1","100.0000","81102","PM10 Total 0-10um STP","38900","Portland-Vancouver-Hillsboro, OR-WA","41","Oregon","051","Multnomah","45.496641","-122.602877"
"05/02/2018","AQS","410510080","2","11","ug/m3 SC","10","Portland - SE Lafayette","1","100.0000","81102","PM10 Total 0-10um STP","38900","Portland-Vancouver-Hillsboro, OR-WA","41","Oregon","051","Multnomah","45.496641","-122.602877"
"05/14/2018","AQS","410510080","2","16","ug/m3 SC","15","Portland - SE Lafayette","1","100.0000","81102","PM10 Total 0-10um STP","38900","Portland-Vancouver-Hillsboro, OR-WA","41","Oregon","051","Multnomah","45.496641","-122.602877"
"05/26/2018","AQS","410510080","2","8","ug/m3 SC","7","Portland - SE Lafayette","1","100.0000","81102","PM10 Total 0-10um STP","38900","Portland-Vancouver-Hillsboro, OR-WA","41","Oregon","051","Multnomah","45.496641","-122.602877"
"06/10/2018","AQS","410510080","2","4","ug/m3 SC","4","Portland - SE Lafayette","1","100.0000","81102","PM10 Total 0-10um STP","38900","Portland-Vancouver-Hillsboro, OR-WA","41","Oregon","051","Multnomah","45.496641","-122.602877"
"07/07/2018","AQS","410510080","2","7","ug/m3 SC","6","Portland - SE Lafayette","1","100.0000","81102","PM10 Total 0-10um STP","38900","Portland-Vancouver-Hillsboro, OR-WA","41","Oregon","051","Multnomah","45.496641","-122.602877"
"07/13/2018","AQS","410510080","2","16","ug/m3 SC","15","Portland - SE Lafayette","1","100.0000","81102","PM10 Total 0-10um STP","38900","Portland-Vancouver-Hillsboro, OR-WA","41","Oregon","051","Multnomah","45.496641","-122.602877"
"07/19/2018","AQS","410510080","2","8","ug/m3 SC","7","Portland - SE Lafayette","1","100.0000","81102","PM10 Total 0-10um STP","38900","Portland-Vancouver-Hillsboro, OR-WA","41","Oregon","051","Multnomah","45.496641","-122.602877"
"07/28/2018","AQS","410510080","2","10","ug/m3 SC","9","Portland - SE Lafayette","1","100.0000","81102","PM10 Total 0-10um STP","38900","Portland-Vancouver-Hillsboro, OR-WA","41","Oregon","051","Multnomah","45.496641","-122.602877"
"08/06/2018","AQS","410510080","2","14","ug/m3 SC","13","Portland - SE Lafayette","1","100.0000","81102","PM10 Total 0-10um STP","38900","Portland-Vancouver-Hillsboro, OR-WA","41","Oregon","051","Multnomah","45.496641","-122.602877"
"08/18/2018","AQS","410510080","2","22","ug/m3 SC","20","Portland - SE Lafayette","1","100.0000","81102","PM10 Total 0-10um STP","38900","Portland-Vancouver-Hillsboro, OR-WA","41","Oregon","051","Multnomah","45.496641","-122.602877"
"08/30/2018","AQS","410510080","2","6","ug/m3 SC","6","Portland - SE Lafayette","1","100.0000","81102","PM10 Total 0-10um STP","38900","Portland-Vancouver-Hillsboro, OR-WA","41","Oregon","051","Multnomah","45.496641","-122.602877"
"09/23/2018","AQS","410510080","2","13","ug/m3 SC","12","Portland - SE Lafayette","1","100.0000","81102","PM10 Total 0-10um STP","38900","Portland-Vancouver-Hillsboro, OR-WA","41","Oregon","051","Multnomah","45.496641","-122.602877"
"10/05/2018","AQS","410510080","2","12","ug/m3 SC","11","Portland - SE Lafayette","1","100.0000","81102","PM10 Total 0-10um STP","38900","Portland-Vancouver-Hillsboro, OR-WA","41","Oregon","051","Multnomah","45.496641","-122.602877"
"10/17/2018","AQS","410510080","2","18","ug/m3 SC","17","Portland - SE Lafayette","1","100.0000","81102","PM10 Total 0-10um STP","38900","Portland-Vancouver-Hillsboro, OR-WA","41","Oregon","051","Multnomah","45.496641","-122.602877"
"10/29/2018","AQS","410510080","2","9","ug/m3 SC","8","Portland - SE Lafayette","1","100.0000","81102","PM10 Total 0-10um STP","38900","Portland-Vancouver-Hillsboro, OR-WA","41","Oregon","051","Multnomah","45.496641","-122.602877"
"11/10/2018","AQS","410510080","2","13","ug/m3 SC","12","Portland - SE Lafayette","1","100.0000","81102","PM10 Total 0-10um STP","38900","Portland-Vancouver-Hillsboro, OR-WA","41","Oregon","051","Multnomah","45.496641","-122.602877"
"11/22/2018","AQS","410510080","2","8","ug/m3 SC","7","Portland - SE Lafayette","1","100.0000","81102","PM10 Total 0-10um STP","38900","Portland-Vancouver-Hillsboro, OR-WA","41","Oregon","051","Multnomah","45.496641","-122.602877"
"12/04/2018","AQS","410510080","2","7","ug/m3 SC","6","Portland - SE Lafayette","1","100.0000","81102","PM10 Total 0-10um STP","38900","Portland-Vancouver-Hillsboro, OR-WA","41","Oregon","051","Multnomah","45.496641","-122.602877"
"12/16/2018","AQS","410510080","2","5","ug/m3 SC","5","Portland - SE Lafayette","1","100.0000","81102","PM10 Total 0-10um STP","38900","Portland-Vancouver-Hillsboro, OR-WA","41","Oregon","051","Multnomah","45.496641","-122.602877"
"12/28/2018","AQS","410510080","2","9","ug/m3 SC","8","Portland - SE Lafayette","1","100.0000","81102","PM10 Total 0-10um STP","38900","Portland-Vancouver-Hillsboro, OR-WA","41","Oregon","051","Multnomah","45.496641","-122.602877"
"01/02/2018","AQS","410512008","7","6","ug/m3 SC","6","","1","100.0000","81102","PM10 Total 0-10um STP","38900","Portland-Vancouver-Hillsboro, OR-WA","41","Oregon","051","Multnomah","45.511984","-122.482029"
"01/08/2018","AQS","410512008","7","8","ug/m3 SC","7","","1","100.0000","81102","PM10 Total 0-10um STP","38900","Portland-Vancouver-Hillsboro, OR-WA","41","Oregon","051","Multnomah","45.511984","-122.482029"
"01/14/2018","AQS","410512008","7","4","ug/m3 SC","4","","1","100.0000","81102","PM10 Total 0-10um STP","38900","Portland-Vancouver-Hillsboro, OR-WA","41","Oregon","051","Multnomah","45.511984","-122.482029"
"01/20/2018","AQS","410512008","7","3","ug/m3 SC","3","","1","100.0000","81102","PM10 Total 0-10um STP","38900","Portland-Vancouver-Hillsboro, OR-WA","41","Oregon","051","Multnomah","45.511984","-122.482029"
"01/26/2018","AQS","410512008","7","2","ug/m3 SC","2","","1","100.0000","81102","PM10 Total 0-10um STP","38900","Portland-Vancouver-Hillsboro, OR-WA","41","Oregon","051","Multnomah","45.511984","-122.482029"
"02/01/2018","AQS","410512008","7","10","ug/m3 SC","9","","1","100.0000","81102","PM10 Total 0-10um STP","38900","Portland-Vancouver-Hillsboro, OR-WA","41","Oregon","051","Multnomah","45.511984","-122.482029"
"02/07/2018","AQS","410512008","7","32","ug/m3 SC","30","","1","100.0000","81102","PM10 Total 0-10um STP","38900","Portland-Vancouver-Hillsboro, OR-WA","41","Oregon","051","Multnomah","45.511984","-122.482029"
"02/13/2018","AQS","410512008","7","19","ug/m3 SC","18","","1","100.0000","81102","PM10 Total 0-10um STP","38900","Portland-Vancouver-Hillsboro, OR-WA","41","Oregon","051","Multnomah","45.511984","-122.482029"
"02/19/2018","AQS","410512008","7","12","ug/m3 SC","11","","1","100.0000","81102","PM10 Total 0-10um STP","38900","Portland-Vancouver-Hillsboro, OR-WA","41","Oregon","051","Multnomah","45.511984","-122.482029"
"02/25/2018","AQS","410512008","7","8","ug/m3 SC","7","","1","100.0000","81102","PM10 Total 0-10um STP","38900","Portland-Vancouver-Hillsboro, OR-WA","41","Oregon","051","Multnomah","45.511984","-122.482029"
"03/03/2018","AQS","410512008","7","12","ug/m3 SC","11","","1","100.0000","81102","PM10 Total 0-10um STP","38900","Portland-Vancouver-Hillsboro, OR-WA","41","Oregon","051","Multnomah","45.511984","-122.482029"
"03/09/2018","AQS","410512008","7","16","ug/m3 SC","15","","1","100.0000","81102","PM10 Total 0-10um STP","38900","Portland-Vancouver-Hillsboro, OR-WA","41","Oregon","051","Multnomah","45.511984","-122.482029"
"03/15/2018","AQS","410512008","7","7","ug/m3 SC","6","","1","100.0000","81102","PM10 Total 0-10um STP","38900","Portland-Vancouver-Hillsboro, OR-WA","41","Oregon","051","Multnomah","45.511984","-122.482029"
"03/21/2018","AQS","410512008","7","15","ug/m3 SC","14","","1","100.0000","81102","PM10 Total 0-10um STP","38900","Portland-Vancouver-Hillsboro, OR-WA","41","Oregon","051","Multnomah","45.511984","-122.482029"
"03/27/2018","AQS","410512008","7","6","ug/m3 SC","6","","1","100.0000","81102","PM10 Total 0-10um STP","38900","Portland-Vancouver-Hillsboro, OR-WA","41","Oregon","051","Multnomah","45.511984","-122.482029"
"01/02/2018","AQS","410512010","7","5","ug/m3 SC","5","","1","100.0000","81102","PM10 Total 0-10um STP","38900","Portland-Vancouver-Hillsboro, OR-WA","41","Oregon","051","Multnomah","45.558081000943","-122.670985"
"01/08/2018","AQS","410512010","7","12","ug/m3 SC","11","","1","100.0000","81102","PM10 Total 0-10um STP","38900","Portland-Vancouver-Hillsboro, OR-WA","41","Oregon","051","Multnomah","45.558081000943","-122.670985"
"01/14/2018","AQS","410512010","7","6","ug/m3 SC","6","","1","100.0000","81102","PM10 Total 0-10um STP","38900","Portland-Vancouver-Hillsboro, OR-WA","41","Oregon","051","Multnomah","45.558081000943","-122.670985"
"01/20/2018","AQS","410512010","7","5","ug/m3 SC","5","","1","100.0000","81102","PM10 Total 0-10um STP","38900","Portland-Vancouver-Hillsboro, OR-WA","41","Oregon","051","Multnomah","45.558081000943","-122.670985"
"01/26/2018","AQS","410512010","7","5","ug/m3 SC","5","","1","100.0000","81102","PM10 Total 0-10um STP","38900","Portland-Vancouver-Hillsboro, OR-WA","41","Oregon","051","Multnomah","45.558081000943","-122.670985"
"02/01/2018","AQS","410512010","7","13","ug/m3 SC","12","","1","100.0000","81102","PM10 Total 0-10um STP","38900","Portland-Vancouver-Hillsboro, OR-WA","41","Oregon","051","Multnomah","45.558081000943","-122.670985"
"02/07/2018","AQS","410512010","7","29","ug/m3 SC","27","","1","100.0000","81102","PM10 Total 0-10um STP","38900","Portland-Vancouver-Hillsboro, OR-WA","41","Oregon","051","Multnomah","45.558081000943","-122.670985"
"02/13/2018","AQS","410512010","7","24","ug/m3 SC","22","","1","100.0000","81102","PM10 Total 0-10um STP","38900","Portland-Vancouver-Hillsboro, OR-WA","41","Oregon","051","Multnomah","45.558081000943","-122.670985"
"02/19/2018","AQS","410512010","7","8","ug/m3 SC","7","","1","100.0000","81102","PM10 Total 0-10um STP","38900","Portland-Vancouver-Hillsboro, OR-WA","41","Oregon","051","Multnomah","45.558081000943","-122.670985"
"02/25/2018","AQS","410512010","7","6","ug/m3 SC","6","","1","100.0000","81102","PM10 Total 0-10um STP","38900","Portland-Vancouver-Hillsboro, OR-WA","41","Oregon","051","Multnomah","45.558081000943","-122.670985"
"03/03/2018","AQS","410512010","7","11","ug/m3 SC","10","","1","100.0000","81102","PM10 Total 0-10um STP","38900","Portland-Vancouver-Hillsboro, OR-WA","41","Oregon","051","Multnomah","45.558081000943","-122.670985"
"03/09/2018","AQS","410512010","7","10","ug/m3 SC","9","","1","100.0000","81102","PM10 Total 0-10um STP","38900","Portland-Vancouver-Hillsboro, OR-WA","41","Oregon","051","Multnomah","45.558081000943","-122.670985"
"03/15/2018","AQS","410512010","7","10","ug/m3 SC","9","","1","100.0000","81102","PM10 Total 0-10um STP","38900","Portland-Vancouver-Hillsboro, OR-WA","41","Oregon","051","Multnomah","45.558081000943","-122.670985"
"03/21/2018","AQS","410512010","7","14","ug/m3 SC","13","","1","100.0000","81102","PM10 Total 0-10um STP","38900","Portland-Vancouver-Hillsboro, OR-WA","41","Oregon","051","Multnomah","45.558081000943","-122.670985"
"03/27/2018","AQS","410512010","7","6","ug/m3 SC","6","","1","100.0000","81102","PM10 Total 0-10um STP","38900","Portland-Vancouver-Hillsboro, OR-WA","41","Oregon","051","Multnomah","45.558081000943","-122.670985"
"04/02/2018","AQS","410512010","7","7","ug/m3 SC","6","","1","100.0000","81102","PM10 Total 0-10um STP","38900","Portland-Vancouver-Hillsboro, OR-WA","41","Oregon","051","Multnomah","45.558081000943","-122.670985"
"04/08/2018","AQS","410512010","7","4","ug/m3 SC","4","","1","100.0000","81102","PM10 Total 0-10um STP","38900","Portland-Vancouver-Hillsboro, OR-WA","41","Oregon","051","Multnomah","45.558081000943","-122.670985"
"04/14/2018","AQS","410512010","7","13","ug/m3 SC","12","","1","100.0000","81102","PM10 Total 0-10um STP","38900","Portland-Vancouver-Hillsboro, OR-WA","41","Oregon","051","Multnomah","45.558081000943","-122.670985"
"04/20/2018","AQS","410512010","7","13","ug/m3 SC","12","","1","100.0000","81102","PM10 Total 0-10um STP","38900","Portland-Vancouver-Hillsboro, OR-WA","41","Oregon","051","Multnomah","45.558081000943","-122.670985"
"04/26/2018","AQS","410512010","7","25","ug/m3 SC","23","","1","100.0000","81102","PM10 Total 0-10um STP","38900","Portland-Vancouver-Hillsboro, OR-WA","41","Oregon","051","Multnomah","45.558081000943","-122.670985"
"05/02/2018","AQS","410512010","7","11","ug/m3 SC","10","","1","100.0000","81102","PM10 Total 0-10um STP","38900","Portland-Vancouver-Hillsboro, OR-WA","41","Oregon","051","Multnomah","45.558081000943","-122.670985"
"05/08/2018","AQS","410512010","7","16","ug/m3 SC","15","","1","100.0000","81102","PM10 Total 0-10um STP","38900","Portland-Vancouver-Hillsboro, OR-WA","41","Oregon","051","Multnomah","45.558081000943","-122.670985"
"05/14/2018","AQS","410512010","7","17","ug/m3 SC","16","","1","100.0000","81102","PM10 Total 0-10um STP","38900","Portland-Vancouver-Hillsboro, OR-WA","41","Oregon","051","Multnomah","45.558081000943","-122.670985"
"05/20/2018","AQS","410512010","7","9","ug/m3 SC","8","","1","100.0000","81102","PM10 Total 0-10um STP","38900","Portland-Vancouver-Hillsboro, OR-WA","41","Oregon","051","Multnomah","45.558081000943","-122.670985"
"05/26/2018","AQS","410512010","7","7","ug/m3 SC","6","","1","100.0000","81102","PM10 Total 0-10um STP","38900","Portland-Vancouver-Hillsboro, OR-WA","41","Oregon","051","Multnomah","45.558081000943","-122.670985"
"06/01/2018","AQS","410512010","7","9","ug/m3 SC","8","","1","100.0000","81102","PM10 Total 0-10um STP","38900","Portland-Vancouver-Hillsboro, OR-WA","41","Oregon","051","Multnomah","45.558081000943","-122.670985"
"06/07/2018","AQS","410512010","7","13","ug/m3 SC","12","","1","100.0000","81102","PM10 Total 0-10um STP","38900","Portland-Vancouver-Hillsboro, OR-WA","41","Oregon","051","Multnomah","45.558081000943","-122.670985"
"06/13/2018","AQS","410512010","7","7","ug/m3 SC","6","","1","100.0000","81102","PM10 Total 0-10um STP","38900","Portland-Vancouver-Hillsboro, OR-WA","41","Oregon","051","Multnomah","45.558081000943","-122.670985"
"06/19/2018","AQS","410512010","7","13","ug/m3 SC","12","","1","100.0000","81102","PM10 Total 0-10um STP","38900","Portland-Vancouver-Hillsboro, OR-WA","41","Oregon","051","Multnomah","45.558081000943","-122.670985"
"06/25/2018","AQS","410512010","7","7","ug/m3 SC","6","","1","100.0000","81102","PM10 Total 0-10um STP","38900","Portland-Vancouver-Hillsboro, OR-WA","41","Oregon","051","Multnomah","45.558081000943","-122.670985"
"07/01/2018","AQS","410512010","7","6","ug/m3 SC","6","","1","100.0000","81102","PM10 Total 0-10um STP","38900","Portland-Vancouver-Hillsboro, OR-WA","41","Oregon","051","Multnomah","45.558081000943","-122.670985"
"07/07/2018","AQS","410512010","7","7","ug/m3 SC","6","","1","100.0000","81102","PM10 Total 0-10um STP","38900","Portland-Vancouver-Hillsboro, OR-WA","41","Oregon","051","Multnomah","45.558081000943","-122.670985"
"07/13/2018","AQS","410512010","7","15","ug/m3 SC","14","","1","100.0000","81102","PM10 Total 0-10um STP","38900","Portland-Vancouver-Hillsboro, OR-WA","41","Oregon","051","Multnomah","45.558081000943","-122.670985"
"07/19/2018","AQS","410512010","7","8","ug/m3 SC","7","","1","100.0000","81102","PM10 Total 0-10um STP","38900","Portland-Vancouver-Hillsboro, OR-WA","41","Oregon","051","Multnomah","45.558081000943","-122.670985"
"07/25/2018","AQS","410512010","7","15","ug/m3 SC","14","","1","100.0000","81102","PM10 Total 0-10um STP","38900","Portland-Vancouver-Hillsboro, OR-WA","41","Oregon","051","Multnomah","45.558081000943","-122.670985"
"07/31/2018","AQS","410512010","7","25","ug/m3 SC","23","","1","100.0000","81102","PM10 Total 0-10um STP","38900","Portland-Vancouver-Hillsboro, OR-WA","41","Oregon","051","Multnomah","45.558081000943","-122.670985"
"08/06/2018","AQS","410512010","7","15","ug/m3 SC","14","","1","100.0000","81102","PM10 Total 0-10um STP","38900","Portland-Vancouver-Hillsboro, OR-WA","41","Oregon","051","Multnomah","45.558081000943","-122.670985"
"08/12/2018","AQS","410512010","7","8","ug/m3 SC","7","","1","100.0000","81102","PM10 Total 0-10um STP","38900","Portland-Vancouver-Hillsboro, OR-WA","41","Oregon","051","Multnomah","45.558081000943","-122.670985"
"08/18/2018","AQS","410512010","7","21","ug/m3 SC","19","","1","100.0000","81102","PM10 Total 0-10um STP","38900","Portland-Vancouver-Hillsboro, OR-WA","41","Oregon","051","Multnomah","45.558081000943","-122.670985"
"08/24/2018","AQS","410512010","7","14","ug/m3 SC","13","","1","100.0000","81102","PM10 Total 0-10um STP","38900","Portland-Vancouver-Hillsboro, OR-WA","41","Oregon","051","Multnomah","45.558081000943","-122.670985"
"08/30/2018","AQS","410512010","7","9","ug/m3 SC","8","","1","100.0000","81102","PM10 Total 0-10um STP","38900","Portland-Vancouver-Hillsboro, OR-WA","41","Oregon","051","Multnomah","45.558081000943","-122.670985"
"09/05/2018","AQS","410512010","7","25","ug/m3 SC","23","","1","100.0000","81102","PM10 Total 0-10um STP","38900","Portland-Vancouver-Hillsboro, OR-WA","41","Oregon","051","Multnomah","45.558081000943","-122.670985"
"09/11/2018","AQS","410512010","7","10","ug/m3 SC","9","","1","100.0000","81102","PM10 Total 0-10um STP","38900","Portland-Vancouver-Hillsboro, OR-WA","41","Oregon","051","Multnomah","45.558081000943","-122.670985"
"09/17/2018","AQS","410512010","7","7","ug/m3 SC","6","","1","100.0000","81102","PM10 Total 0-10um STP","38900","Portland-Vancouver-Hillsboro, OR-WA","41","Oregon","051","Multnomah","45.558081000943","-122.670985"
"09/23/2018","AQS","410512010","7","12","ug/m3 SC","11","","1","100.0000","81102","PM10 Total 0-10um STP","38900","Portland-Vancouver-Hillsboro, OR-WA","41","Oregon","051","Multnomah","45.558081000943","-122.670985"
"09/29/2018","AQS","410512010","7","16","ug/m3 SC","15","","1","100.0000","81102","PM10 Total 0-10um STP","38900","Portland-Vancouver-Hillsboro, OR-WA","41","Oregon","051","Multnomah","45.558081000943","-122.670985"
"10/05/2018","AQS","410512010","7","12","ug/m3 SC","11","","1","100.0000","81102","PM10 Total 0-10um STP","38900","Portland-Vancouver-Hillsboro, OR-WA","41","Oregon","051","Multnomah","45.558081000943","-122.670985"
"10/11/2018","AQS","410512010","7","15","ug/m3 SC","14","","1","100.0000","81102","PM10 Total 0-10um STP","38900","Portland-Vancouver-Hillsboro, OR-WA","41","Oregon","051","Multnomah","45.558081000943","-122.670985"
"10/17/2018","AQS","410512010","7","27","ug/m3 SC","25","","1","100.0000","81102","PM10 Total 0-10um STP","38900","Portland-Vancouver-Hillsboro, OR-WA","41","Oregon","051","Multnomah","45.558081000943","-122.670985"
"10/23/2018","AQS","410512010","7","23","ug/m3 SC","21","","1","100.0000","81102","PM10 Total 0-10um STP","38900","Portland-Vancouver-Hillsboro, OR-WA","41","Oregon","051","Multnomah","45.558081000943","-122.670985"
"10/29/2018","AQS","410512010","7","8","ug/m3 SC","7","","1","100.0000","81102","PM10 Total 0-10um STP","38900","Portland-Vancouver-Hillsboro, OR-WA","41","Oregon","051","Multnomah","45.558081000943","-122.670985"
"11/04/2018","AQS","410512010","7","13","ug/m3 SC","12","","1","100.0000","81102","PM10 Total 0-10um STP","38900","Portland-Vancouver-Hillsboro, OR-WA","41","Oregon","051","Multnomah","45.558081000943","-122.670985"
"11/10/2018","AQS","410512010","7","13","ug/m3 SC","12","","1","100.0000","81102","PM10 Total 0-10um STP","38900","Portland-Vancouver-Hillsboro, OR-WA","41","Oregon","051","Multnomah","45.558081000943","-122.670985"
"11/16/2018","AQS","410512010","7","14","ug/m3 SC","13","","1","100.0000","81102","PM10 Total 0-10um STP","38900","Portland-Vancouver-Hillsboro, OR-WA","41","Oregon","051","Multnomah","45.558081000943","-122.670985"
"11/22/2018","AQS","410512010","7","7","ug/m3 SC","6","","1","100.0000","81102","PM10 Total 0-10um STP","38900","Portland-Vancouver-Hillsboro, OR-WA","41","Oregon","051","Multnomah","45.558081000943","-122.670985"
"11/28/2018","AQS","410512010","7","11","ug/m3 SC","10","","1","100.0000","81102","PM10 Total 0-10um STP","38900","Portland-Vancouver-Hillsboro, OR-WA","41","Oregon","051","Multnomah","45.558081000943","-122.670985"
"12/04/2018","AQS","410512010","7","8","ug/m3 SC","7","","1","100.0000","81102","PM10 Total 0-10um STP","38900","Portland-Vancouver-Hillsboro, OR-WA","41","Oregon","051","Multnomah","45.558081000943","-122.670985"
"12/10/2018","AQS","410512010","7","19","ug/m3 SC","18","","1","100.0000","81102","PM10 Total 0-10um STP","38900","Portland-Vancouver-Hillsboro, OR-WA","41","Oregon","051","Multnomah","45.558081000943","-122.670985"
"12/16/2018","AQS","410512010","7","5","ug/m3 SC","5","","1","100.0000","81102","PM10 Total 0-10um STP","38900","Portland-Vancouver-Hillsboro, OR-WA","41","Oregon","051","Multnomah","45.558081000943","-122.670985"
"12/22/2018","AQS","410512010","7","12","ug/m3 SC","11","","1","100.0000","81102","PM10 Total 0-10um STP","38900","Portland-Vancouver-Hillsboro, OR-WA","41","Oregon","051","Multnomah","45.558081000943","-122.670985"
"12/28/2018","AQS","410512010","7","8","ug/m3 SC","7","","1","100.0000","81102","PM10 Total 0-10um STP","38900","Portland-Vancouver-Hillsboro, OR-WA","41","Oregon","051","Multnomah","45.558081000943","-122.670985"
"01/02/2018","AQS","410512010","9","5","ug/m3 SC","5","","1","100.0000","81102","PM10 Total 0-10um STP","38900","Portland-Vancouver-Hillsboro, OR-WA","41","Oregon","051","Multnomah","45.558081000943","-122.670985"
"01/14/2018","AQS","410512010","9","5","ug/m3 SC","5","","1","100.0000","81102","PM10 Total 0-10um STP","38900","Portland-Vancouver-Hillsboro, OR-WA","41","Oregon","051","Multnomah","45.558081000943","-122.670985"
"01/26/2018","AQS","410512010","9","4","ug/m3 SC","4","","1","100.0000","81102","PM10 Total 0-10um STP","38900","Portland-Vancouver-Hillsboro, OR-WA","41","Oregon","051","Multnomah","45.558081000943","-122.670985"
"02/07/2018","AQS","410512010","9","29","ug/m3 SC","27","","1","100.0000","81102","PM10 Total 0-10um STP","38900","Portland-Vancouver-Hillsboro, OR-WA","41","Oregon","051","Multnomah","45.558081000943","-122.670985"
"02/19/2018","AQS","410512010","9","8","ug/m3 SC","7","","1","100.0000","81102","PM10 Total 0-10um STP","38900","Portland-Vancouver-Hillsboro, OR-WA","41","Oregon","051","Multnomah","45.558081000943","-122.670985"
"03/03/2018","AQS","410512010","9","11","ug/m3 SC","10","","1","100.0000","81102","PM10 Total 0-10um STP","38900","Portland-Vancouver-Hillsboro, OR-WA","41","Oregon","051","Multnomah","45.558081000943","-122.670985"
"03/15/2018","AQS","410512010","9","10","ug/m3 SC","9","","1","100.0000","81102","PM10 Total 0-10um STP","38900","Portland-Vancouver-Hillsboro, OR-WA","41","Oregon","051","Multnomah","45.558081000943","-122.670985"
"03/27/2018","AQS","410512010","9","6","ug/m3 SC","6","","1","100.0000","81102","PM10 Total 0-10um STP","38900","Portland-Vancouver-Hillsboro, OR-WA","41","Oregon","051","Multnomah","45.558081000943","-122.670985"
"04/08/2018","AQS","410512010","9","5","ug/m3 SC","5","","1","100.0000","81102","PM10 Total 0-10um STP","38900","Portland-Vancouver-Hillsboro, OR-WA","41","Oregon","051","Multnomah","45.558081000943","-122.670985"
"04/20/2018","AQS","410512010","9","12","ug/m3 SC","11","","1","100.0000","81102","PM10 Total 0-10um STP","38900","Portland-Vancouver-Hillsboro, OR-WA","41","Oregon","051","Multnomah","45.558081000943","-122.670985"
"05/14/2018","AQS","410512010","9","19","ug/m3 SC","18","","1","100.0000","81102","PM10 Total 0-10um STP","38900","Portland-Vancouver-Hillsboro, OR-WA","41","Oregon","051","Multnomah","45.558081000943","-122.670985"
"05/26/2018","AQS","410512010","9","8","ug/m3 SC","7","","1","100.0000","81102","PM10 Total 0-10um STP","38900","Portland-Vancouver-Hillsboro, OR-WA","41","Oregon","051","Multnomah","45.558081000943","-122.670985"
"06/07/2018","AQS","410512010","9","13","ug/m3 SC","12","","1","100.0000","81102","PM10 Total 0-10um STP","38900","Portland-Vancouver-Hillsboro, OR-WA","41","Oregon","051","Multnomah","45.558081000943","-122.670985"
"06/19/2018","AQS","410512010","9","16","ug/m3 SC","15","","1","100.0000","81102","PM10 Total 0-10um STP","38900","Portland-Vancouver-Hillsboro, OR-WA","41","Oregon","051","Multnomah","45.558081000943","-122.670985"
"07/01/2018","AQS","410512010","9","6","ug/m3 SC","6","","1","100.0000","81102","PM10 Total 0-10um STP","38900","Portland-Vancouver-Hillsboro, OR-WA","41","Oregon","051","Multnomah","45.558081000943","-122.670985"
"07/13/2018","AQS","410512010","9","16","ug/m3 SC","15","","1","100.0000","81102","PM10 Total 0-10um STP","38900","Portland-Vancouver-Hillsboro, OR-WA","41","Oregon","051","Multnomah","45.558081000943","-122.670985"
"07/25/2018","AQS","410512010","9","14","ug/m3 SC","13","","1","100.0000","81102","PM10 Total 0-10um STP","38900","Portland-Vancouver-Hillsboro, OR-WA","41","Oregon","051","Multnomah","45.558081000943","-122.670985"
"08/06/2018","AQS","410512010","9","15","ug/m3 SC","14","","1","100.0000","81102","PM10 Total 0-10um STP","38900","Portland-Vancouver-Hillsboro, OR-WA","41","Oregon","051","Multnomah","45.558081000943","-122.670985"
"08/18/2018","AQS","410512010","9","21","ug/m3 SC","19","","1","100.0000","81102","PM10 Total 0-10um STP","38900","Portland-Vancouver-Hillsboro, OR-WA","41","Oregon","051","Multnomah","45.558081000943","-122.670985"
"08/30/2018","AQS","410512010","9","9","ug/m3 SC","8","","1","100.0000","81102","PM10 Total 0-10um STP","38900","Portland-Vancouver-Hillsboro, OR-WA","41","Oregon","051","Multnomah","45.558081000943","-122.670985"
"09/11/2018","AQS","410512010","9","7","ug/m3 SC","6","","1","100.0000","81102","PM10 Total 0-10um STP","38900","Portland-Vancouver-Hillsboro, OR-WA","41","Oregon","051","Multnomah","45.558081000943","-122.670985"
"09/23/2018","AQS","410512010","9","13","ug/m3 SC","12","","1","100.0000","81102","PM10 Total 0-10um STP","38900","Portland-Vancouver-Hillsboro, OR-WA","41","Oregon","051","Multnomah","45.558081000943","-122.670985"
"10/05/2018","AQS","410512010","9","12","ug/m3 SC","11","","1","100.0000","81102","PM10 Total 0-10um STP","38900","Portland-Vancouver-Hillsboro, OR-WA","41","Oregon","051","Multnomah","45.558081000943","-122.670985"
"10/17/2018","AQS","410512010","9","26","ug/m3 SC","24","","1","100.0000","81102","PM10 Total 0-10um STP","38900","Portland-Vancouver-Hillsboro, OR-WA","41","Oregon","051","Multnomah","45.558081000943","-122.670985"
"10/29/2018","AQS","410512010","9","9","ug/m3 SC","8","","1","100.0000","81102","PM10 Total 0-10um STP","38900","Portland-Vancouver-Hillsboro, OR-WA","41","Oregon","051","Multnomah","45.558081000943","-122.670985"
"11/10/2018","AQS","410512010","9","12","ug/m3 SC","11","","1","100.0000","81102","PM10 Total 0-10um STP","38900","Portland-Vancouver-Hillsboro, OR-WA","41","Oregon","051","Multnomah","45.558081000943","-122.670985"
"11/22/2018","AQS","410512010","9","8","ug/m3 SC","7","","1","100.0000","81102","PM10 Total 0-10um STP","38900","Portland-Vancouver-Hillsboro, OR-WA","41","Oregon","051","Multnomah","45.558081000943","-122.670985"
"12/10/2018","AQS","410512010","9","19","ug/m3 SC","18","","1","100.0000","81102","PM10 Total 0-10um STP","38900","Portland-Vancouver-Hillsboro, OR-WA","41","Oregon","051","Multnomah","45.558081000943","-122.670985"
"12/16/2018","AQS","410512010","9","6","ug/m3 SC","6","","1","100.0000","81102","PM10 Total 0-10um STP","38900","Portland-Vancouver-Hillsboro, OR-WA","41","Oregon","051","Multnomah","45.558081000943","-122.670985"
"12/28/2018","AQS","410512010","9","9","ug/m3 SC","8","","1","100.0000","81102","PM10 Total 0-10um STP","38900","Portland-Vancouver-Hillsboro, OR-WA","41","Oregon","051","Multnomah","45.558081000943","-122.670985"
"05/14/2018","AQS","410512011","7","18","ug/m3 SC","17","Portland Cully Helensview School (PCH)","1","100.0000","81102","PM10 Total 0-10um STP","38900","Portland-Vancouver-Hillsboro, OR-WA","41","Oregon","051","Multnomah","45.562500000943","-122.575278"
"05/20/2018","AQS","410512011","7","9","ug/m3 SC","8","Portland Cully Helensview School (PCH)","1","100.0000","81102","PM10 Total 0-10um STP","38900","Portland-Vancouver-Hillsboro, OR-WA","41","Oregon","051","Multnomah","45.562500000943","-122.575278"
"05/26/2018","AQS","410512011","7","8","ug/m3 SC","7","Portland Cully Helensview School (PCH)","1","100.0000","81102","PM10 Total 0-10um STP","38900","Portland-Vancouver-Hillsboro, OR-WA","41","Oregon","051","Multnomah","45.562500000943","-122.575278"
"06/01/2018","AQS","410512011","7","10","ug/m3 SC","9","Portland Cully Helensview School (PCH)","1","100.0000","81102","PM10 Total 0-10um STP","38900","Portland-Vancouver-Hillsboro, OR-WA","41","Oregon","051","Multnomah","45.562500000943","-122.575278"
"06/07/2018","AQS","410512011","7","12","ug/m3 SC","11","Portland Cully Helensview School (PCH)","1","100.0000","81102","PM10 Total 0-10um STP","38900","Portland-Vancouver-Hillsboro, OR-WA","41","Oregon","051","Multnomah","45.562500000943","-122.575278"
"06/13/2018","AQS","410512011","7","6","ug/m3 SC","6","Portland Cully Helensview School (PCH)","1","100.0000","81102","PM10 Total 0-10um STP","38900","Portland-Vancouver-Hillsboro, OR-WA","41","Oregon","051","Multnomah","45.562500000943","-122.575278"
"06/19/2018","AQS","410512011","7","15","ug/m3 SC","14","Portland Cully Helensview School (PCH)","1","100.0000","81102","PM10 Total 0-10um STP","38900","Portland-Vancouver-Hillsboro, OR-WA","41","Oregon","051","Multnomah","45.562500000943","-122.575278"
"06/25/2018","AQS","410512011","7","7","ug/m3 SC","6","Portland Cully Helensview School (PCH)","1","100.0000","81102","PM10 Total 0-10um STP","38900","Portland-Vancouver-Hillsboro, OR-WA","41","Oregon","051","Multnomah","45.562500000943","-122.575278"
"07/01/2018","AQS","410512011","7","5","ug/m3 SC","5","Portland Cully Helensview School (PCH)","1","100.0000","81102","PM10 Total 0-10um STP","38900","Portland-Vancouver-Hillsboro, OR-WA","41","Oregon","051","Multnomah","45.562500000943","-122.575278"
"07/07/2018","AQS","410512011","7","7","ug/m3 SC","6","Portland Cully Helensview School (PCH)","1","100.0000","81102","PM10 Total 0-10um STP","38900","Portland-Vancouver-Hillsboro, OR-WA","41","Oregon","051","Multnomah","45.562500000943","-122.575278"
"07/13/2018","AQS","410512011","7","16","ug/m3 SC","15","Portland Cully Helensview School (PCH)","1","100.0000","81102","PM10 Total 0-10um STP","38900","Portland-Vancouver-Hillsboro, OR-WA","41","Oregon","051","Multnomah","45.562500000943","-122.575278"
"07/19/2018","AQS","410512011","7","9","ug/m3 SC","8","Portland Cully Helensview School (PCH)","1","100.0000","81102","PM10 Total 0-10um STP","38900","Portland-Vancouver-Hillsboro, OR-WA","41","Oregon","051","Multnomah","45.562500000943","-122.575278"
"07/25/2018","AQS","410512011","7","15","ug/m3 SC","14","Portland Cully Helensview School (PCH)","1","100.0000","81102","PM10 Total 0-10um STP","38900","Portland-Vancouver-Hillsboro, OR-WA","41","Oregon","051","Multnomah","45.562500000943","-122.575278"
"07/31/2018","AQS","410512011","7","15","ug/m3 SC","14","Portland Cully Helensview School (PCH)","1","100.0000","81102","PM10 Total 0-10um STP","38900","Portland-Vancouver-Hillsboro, OR-WA","41","Oregon","051","Multnomah","45.562500000943","-122.575278"
"08/06/2018","AQS","410512011","7","15","ug/m3 SC","14","Portland Cully Helensview School (PCH)","1","100.0000","81102","PM10 Total 0-10um STP","38900","Portland-Vancouver-Hillsboro, OR-WA","41","Oregon","051","Multnomah","45.562500000943","-122.575278"
"08/12/2018","AQS","410512011","7","7","ug/m3 SC","6","Portland Cully Helensview School (PCH)","1","100.0000","81102","PM10 Total 0-10um STP","38900","Portland-Vancouver-Hillsboro, OR-WA","41","Oregon","051","Multnomah","45.562500000943","-122.575278"
"08/18/2018","AQS","410512011","7","21","ug/m3 SC","19","Portland Cully Helensview School (PCH)","1","100.0000","81102","PM10 Total 0-10um STP","38900","Portland-Vancouver-Hillsboro, OR-WA","41","Oregon","051","Multnomah","45.562500000943","-122.575278"
"08/24/2018","AQS","410512011","7","12","ug/m3 SC","11","Portland Cully Helensview School (PCH)","1","100.0000","81102","PM10 Total 0-10um STP","38900","Portland-Vancouver-Hillsboro, OR-WA","41","Oregon","051","Multnomah","45.562500000943","-122.575278"
"08/30/2018","AQS","410512011","7","8","ug/m3 SC","7","Portland Cully Helensview School (PCH)","1","100.0000","81102","PM10 Total 0-10um STP","38900","Portland-Vancouver-Hillsboro, OR-WA","41","Oregon","051","Multnomah","45.562500000943","-122.575278"
"09/05/2018","AQS","410512011","7","36","ug/m3 SC","33","Portland Cully Helensview School (PCH)","1","100.0000","81102","PM10 Total 0-10um STP","38900","Portland-Vancouver-Hillsboro, OR-WA","41","Oregon","051","Multnomah","45.562500000943","-122.575278"
"09/11/2018","AQS","410512011","7","8","ug/m3 SC","7","Portland Cully Helensview School (PCH)","1","100.0000","81102","PM10 Total 0-10um STP","38900","Portland-Vancouver-Hillsboro, OR-WA","41","Oregon","051","Multnomah","45.562500000943","-122.575278"
"09/17/2018","AQS","410512011","7","8","ug/m3 SC","7","Portland Cully Helensview School (PCH)","1","100.0000","81102","PM10 Total 0-10um STP","38900","Portland-Vancouver-Hillsboro, OR-WA","41","Oregon","051","Multnomah","45.562500000943","-122.575278"
"09/23/2018","AQS","410512011","7","13","ug/m3 SC","12","Portland Cully Helensview School (PCH)","1","100.0000","81102","PM10 Total 0-10um STP","38900","Portland-Vancouver-Hillsboro, OR-WA","41","Oregon","051","Multnomah","45.562500000943","-122.575278"
"09/29/2018","AQS","410512011","7","16","ug/m3 SC","15","Portland Cully Helensview School (PCH)","1","100.0000","81102","PM10 Total 0-10um STP","38900","Portland-Vancouver-Hillsboro, OR-WA","41","Oregon","051","Multnomah","45.562500000943","-122.575278"
"10/05/2018","AQS","410512011","7","12","ug/m3 SC","11","Portland Cully Helensview School (PCH)","1","100.0000","81102","PM10 Total 0-10um STP","38900","Portland-Vancouver-Hillsboro, OR-WA","41","Oregon","051","Multnomah","45.562500000943","-122.575278"
"10/11/2018","AQS","410512011","7","16","ug/m3 SC","15","Portland Cully Helensview School (PCH)","1","100.0000","81102","PM10 Total 0-10um STP","38900","Portland-Vancouver-Hillsboro, OR-WA","41","Oregon","051","Multnomah","45.562500000943","-122.575278"
"10/17/2018","AQS","410512011","7","32","ug/m3 SC","30","Portland Cully Helensview School (PCH)","1","100.0000","81102","PM10 Total 0-10um STP","38900","Portland-Vancouver-Hillsboro, OR-WA","41","Oregon","051","Multnomah","45.562500000943","-122.575278"
"10/23/2018","AQS","410512011","7","22","ug/m3 SC","20","Portland Cully Helensview School (PCH)","1","100.0000","81102","PM10 Total 0-10um STP","38900","Portland-Vancouver-Hillsboro, OR-WA","41","Oregon","051","Multnomah","45.562500000943","-122.575278"
"10/29/2018","AQS","410512011","7","7","ug/m3 SC","6","Portland Cully Helensview School (PCH)","1","100.0000","81102","PM10 Total 0-10um STP","38900","Portland-Vancouver-Hillsboro, OR-WA","41","Oregon","051","Multnomah","45.562500000943","-122.575278"
"11/04/2018","AQS","410512011","7","13","ug/m3 SC","12","Portland Cully Helensview School (PCH)","1","100.0000","81102","PM10 Total 0-10um STP","38900","Portland-Vancouver-Hillsboro, OR-WA","41","Oregon","051","Multnomah","45.562500000943","-122.575278"
"11/10/2018","AQS","410512011","7","13","ug/m3 SC","12","Portland Cully Helensview School (PCH)","1","100.0000","81102","PM10 Total 0-10um STP","38900","Portland-Vancouver-Hillsboro, OR-WA","41","Oregon","051","Multnomah","45.562500000943","-122.575278"
"11/16/2018","AQS","410512011","7","20","ug/m3 SC","19","Portland Cully Helensview School (PCH)","1","100.0000","81102","PM10 Total 0-10um STP","38900","Portland-Vancouver-Hillsboro, OR-WA","41","Oregon","051","Multnomah","45.562500000943","-122.575278"
"11/22/2018","AQS","410512011","7","9","ug/m3 SC","8","Portland Cully Helensview School (PCH)","1","100.0000","81102","PM10 Total 0-10um STP","38900","Portland-Vancouver-Hillsboro, OR-WA","41","Oregon","051","Multnomah","45.562500000943","-122.575278"
"11/28/2018","AQS","410512011","7","8","ug/m3 SC","7","Portland Cully Helensview School (PCH)","1","100.0000","81102","PM10 Total 0-10um STP","38900","Portland-Vancouver-Hillsboro, OR-WA","41","Oregon","051","Multnomah","45.562500000943","-122.575278"
"12/04/2018","AQS","410512011","7","17","ug/m3 SC","16","Portland Cully Helensview School (PCH)","1","100.0000","81102","PM10 Total 0-10um STP","38900","Portland-Vancouver-Hillsboro, OR-WA","41","Oregon","051","Multnomah","45.562500000943","-122.575278"
"12/10/2018","AQS","410512011","7","13","ug/m3 SC","12","Portland Cully Helensview School (PCH)","1","100.0000","81102","PM10 Total 0-10um STP","38900","Portland-Vancouver-Hillsboro, OR-WA","41","Oregon","051","Multnomah","45.562500000943","-122.575278"
"12/16/2018","AQS","410512011","7","5","ug/m3 SC","5","Portland Cully Helensview School (PCH)","1","100.0000","81102","PM10 Total 0-10um STP","38900","Portland-Vancouver-Hillsboro, OR-WA","41","Oregon","051","Multnomah","45.562500000943","-122.575278"
"12/22/2018","AQS","410512011","7","7","ug/m3 SC","6","Portland Cully Helensview School (PCH)","1","100.0000","81102","PM10 Total 0-10um STP","38900","Portland-Vancouver-Hillsboro, OR-WA","41","Oregon","051","Multnomah","45.562500000943","-122.575278"
"12/28/2018","AQS","410512011","7","10","ug/m3 SC","9","Portland Cully Helensview School (PCH)","1","100.0000","81102","PM10 Total 0-10um STP","38900","Portland-Vancouver-Hillsboro, OR-WA","41","Oregon","051","Multnomah","45.562500000943","-122.575278"
